02	FAI3996975	99902	12/29/2020	E1	01	4	4.55	0	itzagz	12/29/2020	07:02:27	4.55	02	 	0		0	0	06:51:37	12/29/2020	12/29/2020	00592062 N/STBSR110060759	0				FA	0	0	0	0	0						
02	FAI3996976	99902	12/29/2020	E1	01	4	3.90	0	itzagz	12/29/2020	07:03:22	3.90	02	 	20.00		0	0	07:02:48	12/29/2020	12/29/2020	00592063 N/STBSR110060759	0				FA	0	0	0	0	0						
02	FAI3996977	99902	12/29/2020	E1	01	4	2.80	0	itzagz	12/29/2020	07:04:20	2.80	02	 	0		0	0	07:03:27	12/29/2020	12/29/2020	00592064 N/STBSR110060759	0				FA	0	0	0	0	0						
02	FAI3996978	99902	12/29/2020	E1	01	4	3.05	0	itzagz	12/29/2020	07:04:52	3.05	02	 	0		0	0	07:04:24	12/29/2020	12/29/2020	00592065 N/STBSR110060759	0				FA	0	0	0	0	0						
02	FAI3996979	99902	12/29/2020	E1	01	4	4.00	0	itzagz	12/29/2020	07:05:26	4.00	02	 	0		0	0	07:04:57	12/29/2020	12/29/2020	00592066 N/STBSR110060759	0				FA	0	0	0	0	0						
02	FAI3996980	99902	12/29/2020	E1	01	4	3.00	0	itzagz	12/29/2020	07:05:47	3.00	02	 	0		0	0	07:05:31	12/29/2020	12/29/2020	00592067 N/STBSR110060759	0				FA	0	0	0	0	0						
02	FAI3996981	99902	12/29/2020	E1	01	4	5.85	0	itzagz	12/29/2020	07:07:04	5.85	02	 	0		0	0	07:06:21	12/29/2020	12/29/2020	00592068 N/STBSR110060759	0				FA	0	0	0	0	0						
02	FAI3996982	99902	12/29/2020	E1	01	4	5.15	0	fbonilla	12/29/2020	07:07:35	5.15	02	 	0		0	0	07:07:19	12/29/2020	12/29/2020	00592069 N/STBSR110060759	0				FA	0	0	0	0	0						
02	FAI3996983	99902	12/29/2020	C6	01	4	1.90	0	fbonilla	12/29/2020	07:08:04	1.90	02	 	0		0	0	07:06:41	12/29/2020	12/29/2020	00592070 N/STBSR110060759	0				FA	0	0	0	0	0						
02	FAI3996984	99902	12/29/2020	E1	01	4	3.00	0	fbonilla	12/29/2020	07:08:46	3.00	02	 	0		0	0	07:07:39	12/29/2020	12/29/2020	00592071 N/STBSR110060759	0				FA	0	0	0	0	0						
02	FAI3996985	99902	12/29/2020	E1	01	4	4.50	0	1-vendedor	12/29/2020	07:10:19	4.50	02	 	0		0	0	07:10:01	12/29/2020	12/29/2020	00592072 N/STBSR110060759	0				FA	0	0	0	0	0						
02	FAI3996986	99902	12/29/2020	15	01	4	5.80	0	1-vendedor	12/29/2020	07:11:14	5.80	02	 	0		0	0	07:09:38	12/29/2020	12/29/2020	00592073 N/STBSR110060759	0				FA	0	0	0	0	0						
02	FAI3996987	99902	12/29/2020	E1	01	4	2.75	0	1-vendedor	12/29/2020	07:11:38	2.75	02	 	0		0	0	07:10:24	12/29/2020	12/29/2020	00592074 N/STBSR110060759	0				FA	0	0	0	0	0						
02	FAI3996988	99902	12/29/2020	15	01	4	6.05	0	1-vendedor	12/29/2020	07:14:47	6.05	02	 	0		0	0	07:11:15	12/29/2020	12/29/2020	00592075 N/STBSR110060759	0				FA	0	0	0	0	0						
02	FAI3996989	99902	12/29/2020	E1	01	4	6.80	0	1-vendedor	12/29/2020	07:15:55	6.80	02	 	0		0	0	07:11:43	12/29/2020	12/29/2020	00592076 N/STBSR110060759	0				FA	0	0	0	0	0						
02	FAI3996990	99902	12/29/2020	15	01	4	2.00	0	1-vendedor	12/29/2020	07:17:32	2.00	02	 	0		0	0	07:14:48	12/29/2020	12/29/2020	00592077 N/STBSR110060759	0				FA	0	0	0	0	0						
02	FAI3996991	99902	12/29/2020	E1	01	4	1.65	0	1-vendedor	12/29/2020	07:18:36	1.65	02	 	0		0	0	07:16:02	12/29/2020	12/29/2020	00592078 N/STBSR110060759	0				FA	0	0	0	0	0						
02	FAI3996992	99902	12/29/2020	15	01	4	7.80	0	1-vendedor	12/29/2020	07:19:08	7.80	02	 	0		0	0	07:17:33	12/29/2020	12/29/2020	00592079 N/STBSR110060759	0				FA	0	0	0	0	0						
02	FAI3996993	99902	12/29/2020	15	01	4	1.50	0	1-vendedor	12/29/2020	07:19:54	1.50	02	 	0		0	0	07:19:09	12/29/2020	12/29/2020	00592080 N/STBSR110060759	0				FA	0	0	0	0	0						
02	FAI3996994	99902	12/29/2020	E1	01	4	1.65	0	1-vendedor	12/29/2020	07:19:59	1.65	02	 	0		0	0	07:18:45	12/29/2020	12/29/2020	00592081 N/STBSR110060759	0				FA	0	0	0	0	0						
02	FAI3996995	99902	12/29/2020	E1	01	4	16.25	0	1-vendedor	12/29/2020	07:20:28	16.25	02	 	0		0	0	07:20:03	12/29/2020	12/29/2020	00592082 N/STBSR110060759	0				FA	0	0	0	0	0						
02	FAI3996996	99902	12/29/2020	E1	01	4	17.85	0	1-vendedor	12/29/2020	07:23:31	17.94	02	 	0		0.09	0	07:21:32	12/29/2020	12/29/2020	00592083 N/STBSR110060759	0				FA	0	0	0	0	0						
02	FAI3996997	99902	12/29/2020	E1	01	4	5.45	0	1-vendedor	12/29/2020	07:29:04	5.45	02	 	0		0	0	07:23:36	12/29/2020	12/29/2020	00592084 N/STBSR110060759	0				FA	0	0	0	0	0						
02	FAI3996998	99902	12/29/2020	C6	01	4	1.55	0	fbonilla	12/29/2020	07:30:05	1.55	02	 	0		0	0	07:08:06	12/29/2020	12/29/2020	00592085 N/STBSR110060759	0				FA	0	0	0	0	0						
02	FAI3996999	99902	12/29/2020	E1	01	4	14.25	0	1-vendedor	12/29/2020	07:30:37	14.25	02	 	0		0	0	07:30:21	12/29/2020	12/29/2020	00592086 N/STBSR110060759	0				FA	0	0	0	0	0						
02	FAI3997000	99902	12/29/2020	15	01	4	5.25	0	1-vendedor	12/29/2020	07:32:02	5.25	02	 	0		0	0	07:29:26	12/29/2020	12/29/2020	00592087 N/STBSR110060759	0				FA	0	0	0	0	0						
02	FAI3997001	99902	12/29/2020	15	01	4	3.05	0	1-vendedor	12/29/2020	07:33:01	3.05	02	 	0		0	0	07:32:03	12/29/2020	12/29/2020	00592088 N/STBSR110060759	0				FA	0	0	0	0	0						
02	FAI3997002	99902	12/29/2020	E1	01	4	2.10	0	1-vendedor	12/29/2020	07:36:17	2.10	02	 	0		0	0	07:30:43	12/29/2020	12/29/2020	00592089 N/STBSR110060759	0				FA	0	0	0	0	0						
02	FAI3997003	99902	12/29/2020	15	01	4	2.30	0	1-vendedor	12/29/2020	07:38:38	2.30	02	 	0		0	0	07:33:02	12/29/2020	12/29/2020	00592090 N/STBSR110060759	0				FA	0	0	0	0	0						
02	FAI3997004	99902	12/29/2020	15	01	4	3.75	0	1-vendedor	12/29/2020	07:39:46	3.75	02	 	0		0	0	07:38:39	12/29/2020	12/29/2020	00592091 N/STBSR110060759	0				FA	0	0	0	0	0						
02	FAI3997005	99902	12/29/2020	15	01	4	5.15	0	1-vendedor	12/29/2020	07:41:27	5.15	02	 	0		0	0	07:39:47	12/29/2020	12/29/2020	00592092 N/STBSR110060759	0				FA	0	0	0	0	0						
02	FAI3997006	99902	12/29/2020	E1	01	4	3.25	0	1-vendedor	12/29/2020	07:43:58	3.25	02	 	0		0	0	07:36:22	12/29/2020	12/29/2020	00592093 N/STBSR110060759	0				FA	0	0	0	0	0						
02	FAI3997007	99902	12/29/2020	15	01	4	6.15	0	1-vendedor	12/29/2020	07:44:09	6.15	02	 	0		0	0	07:41:28	12/29/2020	12/29/2020	00592094 N/STBSR110060759	0				FA	0	0	0	0	0						
02	FAI3997008	99902	12/29/2020	15	01	4	3.95	0	1-vendedor	12/29/2020	07:45:45	3.95	02	 	0		0	0	07:44:11	12/29/2020	12/29/2020	00592095 N/STBSR110060759	0				FA	0	0	0	0	0						
02	FAI3997009	99902	12/29/2020	E1	01	4	2.75	0.42	1-vendedor	12/29/2020	07:46:59	2.33	02	 	15.00	06	0	0	07:44:03	12/29/2020	12/29/2020	00592096 N/STBSR110060759	0				FA	0	0	0	0	0						
02	FAI3997010	99902	12/29/2020	15	01	4	6.45	0	1-vendedor	12/29/2020	07:48:56	6.45	02	 	0		0	0	07:45:46	12/29/2020	12/29/2020	00592097 N/STBSR110060759	0				FA	0	0	0	0	0						
02	FAI3997011	99902	12/29/2020	15	01	4	2.75	0	1-vendedor	12/29/2020	07:50:48	2.75	02	 	0		0	0	07:48:58	12/29/2020	12/29/2020	00592098 N/STBSR110060759	0				FA	0	0	0	0	0						
02	FAI3997012	99902	12/29/2020	E1	01	4	2.65	0	1-vendedor	12/29/2020	07:52:13	2.65	02	 	0		0	0	07:47:03	12/29/2020	12/29/2020	00592099 N/STBSR110060759	0				FA	0	0	0	0	0						
02	FAI3997013	99902	12/29/2020	15	01	4	2.50	0	1-vendedor	12/29/2020	07:52:51	2.50	02	 	0		0	0	07:50:49	12/29/2020	12/29/2020	00592100 N/STBSR110060759	0				FA	0	0	0	0	0						
02	FAI3997014	99902	12/29/2020	E1	01	4	1.45	0	1-vendedor	12/29/2020	07:53:54	1.45	02	 	0		0	0	07:52:18	12/29/2020	12/29/2020	00592101 N/STBSR110060759	0				FA	0	0	0	0	0						
02	FAI3997015	99902	12/29/2020	C6	01	4	5.65	0	fbonilla	12/29/2020	07:55:02	5.65	02	 	0		0	0	07:30:06	12/29/2020	12/29/2020	00592102 N/STBSR110060759	0				FA	0	0	0	0	0						
02	FAI3997016	99902	12/29/2020	15	01	4	3.65	0	1-vendedor	12/29/2020	07:57:21	3.65	02	 	0		0	0	07:52:52	12/29/2020	12/29/2020	00592103 N/STBSR110060759	0				FA	0	0	0	0	0						
02	FAI3997017	99902	12/29/2020	E1	01	4	1.50	0	1-vendedor	12/29/2020	07:59:38	1.50	02	 	0		0	0	07:53:59	12/29/2020	12/29/2020	00592104 N/STBSR110060759	0				FA	0	0	0	0	0						
02	FAI3997018	99902	12/29/2020	E1	01	4	1.50	0.23	1-vendedor	12/29/2020	07:59:55	1.27	02	 	15.00	06	0	0	07:59:42	12/29/2020	12/29/2020	00592105 N/STBSR110060759	0				FA	0	0	0	0	0						
02	FAI3997019	99902	12/29/2020	E1	01	4	5.50	0	1-vendedor	12/29/2020	08:04:31	5.50	02	 	0		0	0	08:00:00	12/29/2020	12/29/2020	00592106 N/STBSR110060759	0				FA	0	0	0	0	0						
02	FAI3997020	99902	12/29/2020	15	01	4	3.15	0	1-vendedor	12/29/2020	08:06:41	3.15	02	 	0		0	0	07:57:22	12/29/2020	12/29/2020	00592107 N/STBSR110060759	0				FA	0	0	0	0	0						
02	FAI3997021	99902	12/29/2020	E1	01	4	4.15	0	1-vendedor	12/29/2020	08:10:40	4.15	02	 	0		0	0	08:10:06	12/29/2020	12/29/2020	00592108 N/STBSR110060759	0				FA	0	0	0	0	0						
02	FAI3997022	99902	12/29/2020	15	01	4	9.15	0	1-vendedor	12/29/2020	08:12:58	9.15	02	 	0		0	0	08:08:33	12/29/2020	12/29/2020	00592109 N/STBSR110060759	0				FA	0	0	0	0	0						
02	FAI3997023	99902	12/29/2020	E1	01	4	3.65	0	1-vendedor	12/29/2020	08:13:03	3.65	02	 	0		0	0	08:10:45	12/29/2020	12/29/2020	00592110 N/STBSR110060759	0				FA	0	0	0	0	0						
02	FAI3997024	99902	12/29/2020	15	01	4	6.45	0	1-vendedor	12/29/2020	08:14:58	6.45	02	 	0		0	0	08:12:59	12/29/2020	12/29/2020	00592111 N/STBSR110060759	0				FA	0	0	0	0	0						
02	FAI3997025	99902	12/29/2020	E1	01	4	4.95	0	1-vendedor	12/29/2020	08:16:07	4.95	02	 	0		0	0	08:15:50	12/29/2020	12/29/2020	00592112 N/STBSR110060759	0				FA	0	0	0	0	0						
02	FAI3997026	99902	12/29/2020	E1	01	4	14.00	0	1-vendedor	12/29/2020	08:17:05	14.00	02	 	0		0	0	08:16:08	12/29/2020	12/29/2020	00592113 N/STBSR110060759	0				FA	0	0	0	0	0						
02	FAI3997027	99902	12/29/2020	E1	01	4	14.45	0	1-vendedor	12/29/2020	08:17:49	14.45	02	 	0		0	0	08:17:26	12/29/2020	12/29/2020	00592114 N/STBSR110060759	0				FA	0	0	0	0	0						
02	FAI3997028	99902	12/29/2020	E1	01	4	2.75	0	1-vendedor	12/29/2020	08:18:45	2.75	02	 	0		0	0	08:17:50	12/29/2020	12/29/2020	00592115 N/STBSR110060759	0				FA	0	0	0	0	0						
02	FAI3997029	99902	12/29/2020	E1	01	4	5.90	0	1-vendedor	12/29/2020	08:19:27	5.90	02	 	0		0	0	08:19:12	12/29/2020	12/29/2020	00592116 N/STBSR110060759	0				FA	0	0	0	0	0						
02	FAI3997030	99902	12/29/2020	15	01	4	1.50	0.23	1-vendedor	12/29/2020	08:19:29	1.27	02	 	15.00	06	0	0	08:18:43	12/29/2020	12/29/2020	00592117 N/STBSR110060759	0				FA	0	0	0	0	0						
02	FAI3997031	99902	12/29/2020	E1	01	4	4.50	0	1-vendedor	12/29/2020	08:20:54	4.50	02	 	0		0	0	08:19:27	12/29/2020	12/29/2020	00592118 N/STBSR110060759	0				FA	0	0	0	0	0						
02	FAI3997032	99902	12/29/2020	15	01	4	12.95	0	1-vendedor	12/29/2020	08:21:33	12.95	02	 	0		0	0	08:19:30	12/29/2020	12/29/2020	00592119 N/STBSR110060759	0				FA	0	0	0	0	0						
02	FAI3997033	99902	12/29/2020	15	01	4	7.45	0	1-vendedor	12/29/2020	08:23:54	7.45	02	 	0		0	0	08:21:34	12/29/2020	12/29/2020	00592120 N/STBSR110060759	0				FA	0	0	0	0	0						
02	FAI3997034	99902	12/29/2020	E1	01	4	5.75	0	1-vendedor	12/29/2020	08:24:54	5.75	02	 	0		0	0	08:20:55	12/29/2020	12/29/2020	00592121 N/STBSR110060759	0				FA	0	0	0	0	0						
02	FAI3997035	99902	12/29/2020	C6	01	4	2.15	0	fbonilla	12/29/2020	08:25:30	2.15	02	 	0		0	0	07:55:04	12/29/2020	12/29/2020	00592122 N/STBSR110060759	0				FA	0	0	0	0	0						
02	FAI3997036	99902	12/29/2020	15	01	4	5.00	0	1-vendedor	12/29/2020	08:26:16	5.00	02	 	0		0	0	08:23:56	12/29/2020	12/29/2020	00592123 N/STBSR110060759	0				FA	0	0	0	0	0						
02	FAI3997037	99902	12/29/2020	E1	01	4	3.05	0	1-vendedor	12/29/2020	08:26:56	3.05	02	 	0		0	0	08:24:55	12/29/2020	12/29/2020	00592124 N/STBSR110060759	0				FA	0	0	0	0	0						
02	FAI3997038	99902	12/29/2020	E1	01	4	4.25	0	1-vendedor	12/29/2020	08:27:54	4.25	02	 	0		0	0	08:26:57	12/29/2020	12/29/2020	00592125 N/STBSR110060759	0				FA	0	0	0	0	0						
02	FAI3997039	99902	12/29/2020	E1	01	4	2.10	0	1-vendedor	12/29/2020	08:28:42	2.10	02	 	0		0	0	08:27:55	12/29/2020	12/29/2020	00592126 N/STBSR110060759	0				FA	0	0	0	0	0						
02	FAI3997040	99902	12/29/2020	15	01	4	7.30	0	1-vendedor	12/29/2020	08:29:54	7.30	02	 	0		0	0	08:26:17	12/29/2020	12/29/2020	00592127 N/STBSR110060759	0				FA	0	0	0	0	0						
02	FAI3997041	99902	12/29/2020	15	01	4	4.00	0	1-vendedor	12/29/2020	08:32:12	4.00	02	 	0		0	0	08:29:56	12/29/2020	12/29/2020	00592128 N/STBSR110060759	0				FA	0	0	0	0	0						
02	FAI3997042	99902	12/29/2020	E1	01	4	4.50	0.68	1-vendedor	12/29/2020	08:33:22	3.82	02	 	15.00	06	0	0	08:28:42	12/29/2020	12/29/2020	00592129 N/STBSR110060759	0				FA	0	0	0	0	0						
02	FAI3997043	99902	12/29/2020	E1	01	4	3.00	0	1-vendedor	12/29/2020	08:33:35	3.00	02	 	0		0	0	08:33:23	12/29/2020	12/29/2020	00592130 N/STBSR110060759	0				FA	0	0	0	0	0						
02	FAI3997044	99902	12/29/2020	15	01	4	4.25	0.65	1-vendedor	12/29/2020	08:34:36	3.60	02	 	15.00	06	0	0	08:32:13	12/29/2020	12/29/2020	00592131 N/STBSR110060759	0				FA	0	0	0	0	0						
02	FAI3997045	99902	12/29/2020	15	01	4	3.45	0	1-vendedor	12/29/2020	08:34:57	3.45	02	 	0		0	0	08:34:37	12/29/2020	12/29/2020	00592132 N/STBSR110060759	0				FA	0	0	0	0	0						
02	FAI3997046	99902	12/29/2020	E1	01	4	1.15	0	1-vendedor	12/29/2020	08:37:33	1.15	02	 	20.00		0	0	08:33:36	12/29/2020	12/29/2020	00592133 N/STBSR110060759	0				FA	0	0	0	0	0						
02	FAI3997047	99902	12/29/2020	15	01	4	2.65	0.39	1-vendedor	12/29/2020	08:38:04	2.26	02	 	15.00	06	0	0	08:34:59	12/29/2020	12/29/2020	00592134 N/STBSR110060759	0				FA	0	0	0	0	0						
02	FAI3997048	99902	12/29/2020	15	01	4	1.65	0	1-vendedor	12/29/2020	08:38:12	1.65	02	 	0		0	0	08:38:06	12/29/2020	12/29/2020	00592135 N/STBSR110060759	0				FA	0	0	0	0	0						
02	FAI3997049	99902	12/29/2020	E1	01	4	3.05	0	1-vendedor	12/29/2020	08:38:51	3.05	02	 	0		0	0	08:37:34	12/29/2020	12/29/2020	00592136 N/STBSR110060759	0				FA	0	0	0	0	0						
02	FAI3997050	99902	12/29/2020	E1	01	4	3.60	0	1-vendedor	12/29/2020	08:39:46	3.60	02	 	0		0	0	08:38:51	12/29/2020	12/29/2020	00592137 N/STBSR110060759	0				FA	0	0	0	0	0						
02	FAI3997051	99902	12/29/2020	E1	01	4	4.50	0	1-vendedor	12/29/2020	08:42:12	4.50	02	 	0		0	0	08:39:47	12/29/2020	12/29/2020	00592138 N/STBSR110060759	0				FA	0	0	0	0	0						
02	FAI3997052	99902	12/29/2020	E1	01	4	3.15	0	1-vendedor	12/29/2020	08:42:50	3.15	02	 	0		0	0	08:42:12	12/29/2020	12/29/2020	00592139 N/STBSR110060759	0				FA	0	0	0	0	0						
02	FAI3997053	99902	12/29/2020	E1	01	4	4.00	0	1-vendedor	12/29/2020	08:43:49	4.00	02	 	0		0	0	08:42:50	12/29/2020	12/29/2020	00592140 N/STBSR110060759	0				FA	0	0	0	0	0						
02	FAI3997054	99902	12/29/2020	E1	01	4	32.75	0	1-vendedor	12/29/2020	08:47:12	32.75	02	 	0		0	0	08:46:30	12/29/2020	12/29/2020	00592141 N/STBSR110060759	0				FA	0	0	0	0	0						
02	FAI3997055	99902	12/29/2020	E1	01	4	1.65	0	1-vendedor	12/29/2020	08:48:05	1.65	02	 	0		0	0	08:47:13	12/29/2020	12/29/2020	00592142 N/STBSR110060759	0				FA	0	0	0	0	0						
02	FAI3997056	99902	12/29/2020	15	01	4	5.90	0	1-vendedor	12/29/2020	08:48:38	5.90	02	 	0		0	0	08:46:13	12/29/2020	12/29/2020	00592143 N/STBSR110060759	0				FA	0	0	0	0	0						
02	FAI3997057	99902	12/29/2020	15	01	4	3.75	0	1-vendedor	12/29/2020	08:50:09	3.75	02	 	0		0	0	08:48:39	12/29/2020	12/29/2020	00592144 N/STBSR110060759	0				FA	0	0	0	0	0						
02	FAI3997058	99902	12/29/2020	E1	01	4	9.50	0	1-vendedor	12/29/2020	08:51:21	9.50	02	 	0		0	0	08:48:06	12/29/2020	12/29/2020	00592145 N/STBSR110060759	0				FA	0	0	0	0	0						
02	FAI3997059	99902	12/29/2020	15	01	4	3.50	0	1-vendedor	12/29/2020	08:51:40	3.50	02	 	0		0	0	08:50:11	12/29/2020	12/29/2020	00592146 N/STBSR110060759	0				FA	0	0	0	0	0						
02	FAI3997060	99902	12/29/2020	15	01	4	3.00	0	1-vendedor	12/29/2020	08:52:49	3.00	02	 	0		0	0	08:51:41	12/29/2020	12/29/2020	00592147 N/STBSR110060759	0				FA	0	0	0	0	0						
02	FAI3997061	99902	12/29/2020	15	01	4	3.05	0	1-vendedor	12/29/2020	08:54:30	3.05	02	 	0		0	0	08:52:50	12/29/2020	12/29/2020	00592148 N/STBSR110060759	0				FA	0	0	0	0	0						
02	FAI3997062	99902	12/29/2020	E1	01	4	8.25	0	1-vendedor	12/29/2020	08:55:17	8.25	02	 	0		0	0	08:51:22	12/29/2020	12/29/2020	00592149 N/STBSR110060759	0				FA	0	0	0	0	0						
02	FAI3997063	99902	12/29/2020	15	01	4	2.65	0	1-vendedor	12/29/2020	08:56:17	2.65	02	 	0		0	0	08:54:31	12/29/2020	12/29/2020	00592150 N/STBSR110060759	0				FA	0	0	0	0	0						
02	FAI3997064	99902	12/29/2020	E1	01	4	1.65	0	1-vendedor	12/29/2020	08:56:28	1.65	02	 	0		0	0	08:55:18	12/29/2020	12/29/2020	00592151 N/STBSR110060759	0				FA	0	0	0	0	0						
02	FAI3997065	99902	12/29/2020	E1	01	4	2.25	0	1-vendedor	12/29/2020	09:01:10	2.25	02	 	0		0	0	08:56:28	12/29/2020	12/29/2020	00592152 N/STBSR110060759	0				FA	0	0	0	0	0						
02	FAI3997066	99902	12/29/2020	E1	01	4	12.95	0	1-vendedor	12/29/2020	09:03:09	12.95	02	 	0		0	0	09:01:11	12/29/2020	12/29/2020	00592153 N/STBSR110060759	0				FA	0	0	0	0	0						
02	FAI3997067	99902	12/29/2020	E1	01	4	1.50	0	1-vendedor	12/29/2020	09:04:00	1.50	02	 	0		0	0	09:03:09	12/29/2020	12/29/2020	00592154 N/STBSR110060759	0				FA	0	0	0	0	0						
02	FAI3997068	99902	12/29/2020	E1	01	4	4.50	0.68	1-vendedor	12/29/2020	09:05:15	3.82	02	 	15.00	06	0	0	09:04:00	12/29/2020	12/29/2020	00592155 N/STBSR110060759	0				FA	0	0	0	0	0						
02	FAI3997069	99902	12/29/2020	15	01	4	2.00	0	1-vendedor	12/29/2020	09:08:29	2.14	02	 	0		0.14	0	08:56:18	12/29/2020	12/29/2020	00592156 N/STBSR110060759	0				FA	0	0	0	0	0						
02	FAI3997070	99902	12/29/2020	E1	01	4	1.50	0.23	1-vendedor	12/29/2020	09:09:10	1.27	02	 	15.00	06	0	0	09:05:15	12/29/2020	12/29/2020	00592157 N/STBSR110060759	0				FA	0	0	0	0	0						
02	FAI3997071	99902	12/29/2020	E1	01	4	1.65	0	1-vendedor	12/29/2020	09:09:54	1.65	02	 	0		0	0	09:09:10	12/29/2020	12/29/2020	00592158 N/STBSR110060759	0				FA	0	0	0	0	0						
02	FAI3997072	99902	12/29/2020	E1	01	4	1.65	0	1-vendedor	12/29/2020	09:10:15	1.65	02	 	0		0	0	09:09:55	12/29/2020	12/29/2020	00592159 N/STBSR110060759	0				FA	0	0	0	0	0						
02	FAI3997073	99902	12/29/2020	E1	01	4	7.00	0	1-vendedor	12/29/2020	09:12:49	7.00	02	 	0		0	0	09:12:07	12/29/2020	12/29/2020	00592160 N/STBSR110060759	0				FA	0	0	0	0	0						
02	FAI3997074	99902	12/29/2020	E1	01	4	16.40	0	1-vendedor	12/29/2020	09:15:27	16.40	02	 	0		0	0	09:12:50	12/29/2020	12/29/2020	00592161 N/STBSR110060759	0				FA	0	0	0	0	0						
02	FAI3997075	99902	12/29/2020	E1	01	4	7.55	0	1-vendedor	12/29/2020	09:16:27	7.55	02	 	0		0	0	09:16:08	12/29/2020	12/29/2020	00592162 N/STBSR110060759	0				FA	0	0	0	0	0						
02	FAI3997076	99902	12/29/2020	E1	01	4	11.35	0	1-vendedor	12/29/2020	09:17:28	11.35	02	 	0		0	0	09:16:27	12/29/2020	12/29/2020	00592163 N/STBSR110060759	0				FA	0	0	0	0	0						
02	FAI3997077	99902	12/29/2020	E1	01	4	2.25	0	1-vendedor	12/29/2020	09:17:50	2.25	02	 	0		0	0	09:17:29	12/29/2020	12/29/2020	00592164 N/STBSR110060759	0				FA	0	0	0	0	0						
02	FAI3997078	99902	12/29/2020	E1	01	4	9.15	0	1-vendedor	12/29/2020	09:18:45	9.15	02	 	0		0	0	09:18:18	12/29/2020	12/29/2020	00592165 N/STBSR110060759	0				FA	0	0	0	0	0						
02	FAI3997079	99902	12/29/2020	E1	01	4	2.25	0	1-vendedor	12/29/2020	09:19:36	2.25	02	 	0		0	0	09:18:45	12/29/2020	12/29/2020	00592166 N/STBSR110060759	0				FA	0	0	0	0	0						
02	FAI3997080	99902	12/29/2020	C6	01	4	3.85	0	fbonilla	12/29/2020	09:21:04	3.85	02	 	0		0	0	08:25:31	12/29/2020	12/29/2020	00592167 N/STBSR110060759	0				FA	0	0	0	0	0						
02	FAI3997081	99902	12/29/2020	E1	01	4	6.00	0	1-vendedor	12/29/2020	09:21:58	6.00	02	 	0		0	0	09:19:37	12/29/2020	12/29/2020	00592168 N/STBSR110060759	0				FA	0	0	0	0	0						
02	FAI3997082	99902	12/29/2020	E1	01	4	3.00	0	1-vendedor	12/29/2020	09:22:55	3.00	02	 	0		0	0	09:21:59	12/29/2020	12/29/2020	00592169 N/STBSR110060759	0				FA	0	0	0	0	0						
02	FAI3997083	99902	12/29/2020	E1	01	4	3.70	0.57	1-vendedor	12/29/2020	09:25:57	3.13	02	 	15.00	06	0	0	09:22:55	12/29/2020	12/29/2020	00592170 N/STBSR110060759	0				FA	0	0	0	0	0						
02	FAI3997084	99902	12/29/2020	15	01	4	3.25	0	1-vendedor	12/29/2020	09:27:14	3.25	02	 	0		0	0	09:18:09	12/29/2020	12/29/2020	00592171 N/STBSR110060759	0				FA	0	0	0	0	0						
02	FAI3997085	99902	12/29/2020	E1	01	4	5.25	0	1-vendedor	12/29/2020	09:29:22	5.25	02	 	0		0	0	09:28:53	12/29/2020	12/29/2020	00592172 N/STBSR110060759	0				FA	0	0	0	0	0						
02	FAI3997086	99902	12/29/2020	E1	01	4	4.00	0	1-vendedor	12/29/2020	09:30:04	4.00	02	 	0		0	0	09:29:23	12/29/2020	12/29/2020	00592173 N/STBSR110060759	0				FA	0	0	0	0	0						
02	FAI3997087	99902	12/29/2020	E1	01	4	14.50	0	1-vendedor	12/29/2020	09:32:03	14.50	02	 	0		0	0	09:30:04	12/29/2020	12/29/2020	00592174 N/STBSR110060759	0				FA	0	0	0	0	0						
02	FAI3997088	99902	12/29/2020	15	01	4	3.25	0	1-vendedor	12/29/2020	09:32:12	3.25	02	 	0		0	0	09:28:27	12/29/2020	12/29/2020	00592175 N/STBSR110060759	0				FA	0	0	0	0	0						
02	FAI3997089	99902	12/29/2020	E1	01	4	7.55	0	1-vendedor	12/29/2020	09:33:10	7.55	02	 	0		0	0	09:32:03	12/29/2020	12/29/2020	00592176 N/STBSR110060759	0				FA	0	0	0	0	0						
02	FAI3997090	99902	12/29/2020	E1	01	4	3.90	0	1-vendedor	12/29/2020	09:35:03	3.90	02	 	0		0	0	09:33:10	12/29/2020	12/29/2020	00592177 N/STBSR110060759	0				FA	0	0	0	0	0						
02	FAI3997091	99902	12/29/2020	C6	01	4	6.25	0	fbonilla	12/29/2020	09:35:22	6.25	02	 	0		0	0	09:21:05	12/29/2020	12/29/2020	00592178 N/STBSR110060759	0				FA	0	0	0	0	0						
02	FAI3997092	99902	12/29/2020	E1	01	4	3.05	0	1-vendedor	12/29/2020	09:37:05	3.05	02	 	0		0	0	09:35:04	12/29/2020	12/29/2020	00592179 N/STBSR110060759	0				FA	0	0	0	0	0						
02	FAI3997093	99902	12/29/2020	15	01	4	5.20	0	1-vendedor	12/29/2020	09:38:13	5.20	02	 	0		0	0	09:32:14	12/29/2020	12/29/2020	00592180 N/STBSR110060759	0				FA	0	0	0	0	0						
02	FAI3997094	99902	12/29/2020	E1	01	4	11.85	0	1-vendedor	12/29/2020	09:40:09	11.85	02	 	0		0	0	09:37:06	12/29/2020	12/29/2020	00592181 N/STBSR110060759	0				FA	0	0	0	0	0						
02	FAI3997095	99902	12/29/2020	E1	01	4	2.00	0.30	1-vendedor	12/29/2020	09:42:28	1.70	02	 	15.00	06	0	0	09:40:09	12/29/2020	12/29/2020	00592182 N/STBSR110060759	0				FA	0	0	0	0	0						
02	FAI3997096	99902	12/29/2020	E1	01	4	15.30	0	1-vendedor	12/29/2020	09:44:43	15.30	02	 	0		0	0	09:42:29	12/29/2020	12/29/2020	00592183 N/STBSR110060759	0				FA	0	0	0	0	0						
02	FAI3997097	99902	12/29/2020	E1	01	4	3.05	0.46	1-vendedor	12/29/2020	09:45:13	2.59	02	 	15.00	06	0	0	09:44:44	12/29/2020	12/29/2020	00592184 N/STBSR110060759	0				FA	0	0	0	0	0						
02	FAI3997098	99902	12/29/2020	E1	01	4	1.95	0	1-vendedor	12/29/2020	09:45:42	1.95	02	 	0		0	0	09:45:13	12/29/2020	12/29/2020	00592185 N/STBSR110060759	0				FA	0	0	0	0	0						
02	FAI3997099	99902	12/29/2020	15	01	4	24.85	0	1-vendedor	12/29/2020	09:45:47	24.85	02	 	0		0	0	09:38:15	12/29/2020	12/29/2020	00592186 N/STBSR110060759	0				FA	0	0	0	0	0						
02	FAI3997100	99902	12/29/2020	15	01	4	11.15	0	1-vendedor	12/29/2020	09:47:06	11.15	02	 	0		0	0	09:45:49	12/29/2020	12/29/2020	00592187 N/STBSR110060759	0				FA	0	0	0	0	0						
02	FAI3997101	99902	12/29/2020	C6	01	4	3.15	0	fbonilla	12/29/2020	09:47:34	3.15	02	 	0		0	0	09:35:23	12/29/2020	12/29/2020	00592188 N/STBSR110060759	0				FA	0	0	0	0	0						
02	FAI3997102	99902	12/29/2020	E1	01	4	8.00	0	1-vendedor	12/29/2020	09:48:14	8.00	02	 	0		0	0	09:45:43	12/29/2020	12/29/2020	00592189 N/STBSR110060759	0				FA	0	0	0	0	0						
02	FAI3997103	99902	12/29/2020	E1	01	4	12.50	0	1-vendedor	12/29/2020	09:48:34	12.50	02	 	0		0	0	09:48:15	12/29/2020	12/29/2020	00592190 N/STBSR110060759	0				FA	0	0	0	0	0						
02	FAI3997104	99902	12/29/2020	15	01	4	3.00	0	1-vendedor	12/29/2020	09:49:25	3.00	02	 	0		0	0	09:47:08	12/29/2020	12/29/2020	00592191 N/STBSR110060759	0				FA	0	0	0	0	0						
02	FAI3997105	99902	12/29/2020	E1	01	4	1.00	0	1-vendedor	12/29/2020	09:49:53	1.07	02	 	0		0.07	0	09:48:35	12/29/2020	12/29/2020	00592192 N/STBSR110060759	0				FA	0	0	0	0	0						
02	FAI3997106	99902	12/29/2020	15	01	4	1.50	0	1-vendedor	12/29/2020	09:50:19	1.50	02	 	0		0	0	09:49:26	12/29/2020	12/29/2020	00592193 N/STBSR110060759	0				FA	0	0	0	0	0						
02	FAI3997107	99902	12/29/2020	E1	01	4	3.40	0	1-vendedor	12/29/2020	09:51:38	3.40	02	 	0		0	0	09:51:33	12/29/2020	12/29/2020	00592194 N/STBSR110060759	0				FA	0	0	0	0	0						
02	FAI3997108	99902	12/29/2020	E1	01	4	5.70	0	1-vendedor	12/29/2020	09:52:42	5.70	02	 	0		0	0	09:51:38	12/29/2020	12/29/2020	00592195 N/STBSR110060759	0				FA	0	0	0	0	0						
02	FAI3997109	99902	12/29/2020	15	01	4	18.40	0	1-vendedor	12/29/2020	09:52:57	18.40	02	 	0		0	0	09:51:22	12/29/2020	12/29/2020	00592196 N/STBSR110060759	0				FA	0	0	0	0	0						
02	FAI3997110	99902	12/29/2020	E1	01	4	9.75	0	1-vendedor	12/29/2020	09:54:44	9.75	02	 	0		0	0	09:52:42	12/29/2020	12/29/2020	00592197 N/STBSR110060759	0				FA	0	0	0	0	0						
02	FAI3997111	99902	12/29/2020	E1	01	4	6.25	0	1-vendedor	12/29/2020	09:55:17	6.25	02	 	0		0	0	09:55:11	12/29/2020	12/29/2020	00592198 N/STBSR110060759	0				FA	0	0	0	0	0						
02	FAI3997112	99902	12/29/2020	15	01	4	9.25	0	1-vendedor	12/29/2020	09:55:29	9.25	02	 	0		0	0	09:55:06	12/29/2020	12/29/2020	00592199 N/STBSR110060759	0				FA	0	0	0	0	0						
02	FAI3997113	99902	12/29/2020	E1	01	4	3.00	0.45	1-vendedor	12/29/2020	09:55:42	2.55	02	 	15.00	06	0	0	09:55:17	12/29/2020	12/29/2020	00592200 N/STBSR110060759	0				FA	0	0	0	0	0						
02	FAI3997114	99902	12/29/2020	E1	01	4	2.75	0	1-vendedor	12/29/2020	09:56:31	2.75	02	 	0		0	0	09:56:23	12/29/2020	12/29/2020	00592201 N/STBSR110060759	0				FA	0	0	0	0	0						
02	FAI3997115	99902	12/29/2020	E1	01	4	2.50	0	1-vendedor	12/29/2020	09:57:06	2.50	02	 	0		0	0	09:56:31	12/29/2020	12/29/2020	00592202 N/STBSR110060759	0				FA	0	0	0	0	0						
02	FAI3997116	99902	12/29/2020	E1	01	4	12.50	0	1-vendedor	12/29/2020	09:57:42	12.50	02	 	0		0	0	09:57:17	12/29/2020	12/29/2020	00592203 N/STBSR110060759	0				FA	0	0	0	0	0						
02	FAI3997117	99902	12/29/2020	E1	01	4	14.50	0	1-vendedor	12/29/2020	09:59:47	14.64	02	 	0		0.14	0	09:59:18	12/29/2020	12/29/2020	00592204 N/STBSR110060759	0				FA	0	0	0	0	0						
02	FAI3997118	99902	12/29/2020	E1	01	4	4.50	0.68	1-vendedor	12/29/2020	10:00:19	3.82	02	 	15.00	06	0	0	10:00:15	12/29/2020	12/29/2020	00592205 N/STBSR110060759	0				FA	0	0	0	0	0						
02	FAI3997119	99902	12/29/2020	E1	01	4	1.95	0	1-vendedor	12/29/2020	10:00:31	1.95	02	 	0		0	0	10:00:20	12/29/2020	12/29/2020	00592206 N/STBSR110060759	0				FA	0	0	0	0	0						
02	FAI3997120	99902	12/29/2020	E1	01	4	7.00	0	1-vendedor	12/29/2020	10:03:01	7.00	02	 	0		0	0	10:00:31	12/29/2020	12/29/2020	00592207 N/STBSR110060759	0				FA	0	0	0	0	0						
02	FAI3997121	99902	12/29/2020	E1	01	4	5.05	0	1-vendedor	12/29/2020	10:04:19	5.05	02	 	0		0	0	10:04:00	12/29/2020	12/29/2020	00592208 N/STBSR110060759	0				FA	0	0	0	0	0						
02	FAI3997122	99902	12/29/2020	E1	01	4	3.70	0	1-vendedor	12/29/2020	10:05:44	3.70	02	 	0		0	0	10:04:20	12/29/2020	12/29/2020	00592209 N/STBSR110060759	0				FA	0	0	0	0	0						
02	FAI3997123	99902	12/29/2020	E1	01	4	2.25	0	1-vendedor	12/29/2020	10:07:19	2.25	02	 	0		0	0	10:05:45	12/29/2020	12/29/2020	00592210 N/STBSR110060759	0				FA	0	0	0	0	0						
02	FAI3997124	99902	12/29/2020	E1	01	4	8.75	0	1-vendedor	12/29/2020	10:08:26	8.75	02	 	0		0	0	10:07:19	12/29/2020	12/29/2020	00592211 N/STBSR110060759	0				FA	0	0	0	0	0						
02	FAI3997125	99902	12/29/2020	15	01	4	3.50	0	1-vendedor	12/29/2020	10:08:55	3.50	02	 	0		0	0	09:59:08	12/29/2020	12/29/2020	00592212 N/STBSR110060759	0				FA	0	0	0	0	0						
02	FAI3997126	99902	12/29/2020	E1	01	4	3.00	0	1-vendedor	12/29/2020	10:10:14	3.00	02	 	0		0	0	10:08:27	12/29/2020	12/29/2020	00592213 N/STBSR110060759	0				FA	0	0	0	0	0						
02	FAI3997127	99902	12/29/2020	E1	01	4	3.00	0	1-vendedor	12/29/2020	10:11:20	3.00	02	 	0		0	0	10:10:15	12/29/2020	12/29/2020	00592214 N/STBSR110060759	0				FA	0	0	0	0	0						
02	FAI3997128	99902	12/29/2020	15	01	4	18.95	0	1-vendedor	12/29/2020	10:11:35	18.95	02	 	0		0	0	10:08:56	12/29/2020	12/29/2020	00592215 N/STBSR110060759	0				FA	0	0	0	0	0						
02	FAI3997129	99902	12/29/2020	E1	01	4	1.95	0	1-vendedor	12/29/2020	10:12:14	1.95	02	 	0		0	0	10:11:21	12/29/2020	12/29/2020	00592216 N/STBSR110060759	0				FA	0	0	0	0	0						
02	FAI3997130	99902	12/29/2020	E1	01	4	2.50	0	1-vendedor	12/29/2020	10:13:04	2.50	02	 	0		0	0	10:12:46	12/29/2020	12/29/2020	00592217 N/STBSR110060759	0				FA	0	0	0	0	0						
02	FAI3997131	99902	12/29/2020	E1	01	4	4.00	0	1-vendedor	12/29/2020	10:14:02	4.00	02	 	0		0	0	10:13:05	12/29/2020	12/29/2020	00592218 N/STBSR110060759	0				FA	0	0	0	0	0						
02	FAI3997132	99902	12/29/2020	E1	01	4	14.55	0	1-vendedor	12/29/2020	10:15:12	14.55	02	 	0		0	0	10:14:43	12/29/2020	12/29/2020	00592219 N/STBSR110060759	0				FA	0	0	0	0	0						
02	FAI3997133	99902	12/29/2020	15	01	4	2.50	0.37	1-vendedor	12/29/2020	10:15:43	2.13	02	 	15.00	06	0	0	10:14:12	12/29/2020	12/29/2020	00592220 N/STBSR110060759	0				FA	0	0	0	0	0						
02	FAI3997134	99902	12/29/2020	15	01	4	16.10	0	1-vendedor	12/29/2020	10:17:02	16.10	02	 	0		0	0	10:15:44	12/29/2020	12/29/2020	00592221 N/STBSR110060759	0				FA	0	0	0	0	0						
02	FAI3997135	99902	12/29/2020	15	01	4	2.75	0	1-vendedor	12/29/2020	10:17:50	2.75	02	 	0		0	0	10:17:04	12/29/2020	12/29/2020	00592222 N/STBSR110060759	0				FA	0	0	0	0	0						
02	FAI3997136	99902	12/29/2020	E1	01	4	11.95	0	1-vendedor	12/29/2020	10:19:56	11.95	02	 	0		0	0	10:15:13	12/29/2020	12/29/2020	00592223 N/STBSR110060759	0				FA	0	0	0	0	0						
02	FAI3997137	99902	12/29/2020	15	01	4	3.15	0	1-vendedor	12/29/2020	10:22:00	3.15	02	 	0		0	0	10:17:51	12/29/2020	12/29/2020	00592224 N/STBSR110060759	0				FA	0	0	0	0	0						
02	FAI3997138	99902	12/29/2020	E1	01	4	4.95	0	1-vendedor	12/29/2020	10:22:11	4.95	02	 	0		0	0	10:19:57	12/29/2020	12/29/2020	00592225 N/STBSR110060759	0				FA	0	0	0	0	0						
02	FAI3997139	99902	12/29/2020	E1	01	4	1.25	0	1-vendedor	12/29/2020	10:23:06	1.25	02	 	0		0	0	10:22:12	12/29/2020	12/29/2020	00592226 N/STBSR110060759	0				FA	0	0	0	0	0						
02	FAI3997140	99902	12/29/2020	15	01	4	7.75	0	1-vendedor	12/29/2020	10:24:21	7.75	02	 	0		0	0	10:22:01	12/29/2020	12/29/2020	00592227 N/STBSR110060759	0				FA	0	0	0	0	0						
02	FAI3997141	99902	12/29/2020	E1	01	4	3.75	0	1-vendedor	12/29/2020	10:25:40	3.75	02	 	0		0	0	10:23:07	12/29/2020	12/29/2020	00592228 N/STBSR110060759	0				FA	0	0	0	0	0						
02	FAI3997142	99902	12/29/2020	15	01	4	6.40	0	1-vendedor	12/29/2020	10:27:41	6.40	02	 	0		0	0	10:03:55	12/29/2020	12/29/2020	00592229 N/STBSR110060759	0				FA	0	0	0	0	0						
02	FAI3997143	99902	12/29/2020	E1	01	4	9.00	0	1-vendedor	12/29/2020	10:28:47	9.00	02	 	0		0	0	10:28:27	12/29/2020	12/29/2020	00592230 N/STBSR110060759	0				FA	0	0	0	0	0						
02	FAI3997144	99902	12/29/2020	15	01	4	2.55	0	1-vendedor	12/29/2020	10:28:56	2.55	02	 	0		0	0	10:27:52	12/29/2020	12/29/2020	00592231 N/STBSR110060759	0				FA	0	0	0	0	0						
02	FAI3997145	99902	12/29/2020	E1	01	4	3.70	0	1-vendedor	12/29/2020	10:29:37	3.70	02	 	0		0	0	10:28:48	12/29/2020	12/29/2020	00592232 N/STBSR110060759	0				FA	0	0	0	0	0						
02	FAI3997146	99902	12/29/2020	15	01	4	2.55	0	1-vendedor	12/29/2020	10:30:02	2.55	02	 	0		0	0	10:28:58	12/29/2020	12/29/2020	00592233 N/STBSR110060759	0				FA	0	0	0	0	0						
02	FAI3997147	99902	12/29/2020	E1	01	4	1.50	0	1-vendedor	12/29/2020	10:32:31	1.50	02	 	0		0	0	10:29:38	12/29/2020	12/29/2020	00592234 N/STBSR110060759	0				FA	0	0	0	0	0						
02	FAI3997148	99902	12/29/2020	E1	01	4	3.90	0	1-vendedor	12/29/2020	10:32:53	3.90	02	 	0		0	0	10:32:31	12/29/2020	12/29/2020	00592235 N/STBSR110060759	0				FA	0	0	0	0	0						
02	FAI3997149	99902	12/29/2020	15	01	4	18.95	0	1-vendedor	12/29/2020	10:33:08	18.95	02	 	0		0	0	10:30:03	12/29/2020	12/29/2020	00592236 N/STBSR110060759	0				FA	0	0	0	0	0						
02	FAI3997150	99902	12/29/2020	15	01	4	4.00	0.61	1-vendedor	12/29/2020	10:33:26	3.39	02	 	15.00	06	0	0	10:33:09	12/29/2020	12/29/2020	00592237 N/STBSR110060759	0				FA	0	0	0	0	0						
02	FAI3997151	99902	12/29/2020	15	01	4	5.05	0	1-vendedor	12/29/2020	10:34:26	5.05	02	 	0		0	0	10:33:27	12/29/2020	12/29/2020	00592238 N/STBSR110060759	0				FA	0	0	0	0	0						
02	FAI3997152	99902	12/29/2020	E1	01	4	23.00	0	1-vendedor	12/29/2020	10:34:57	23.00	02	 	0		0	0	10:32:54	12/29/2020	12/29/2020	00592239 N/STBSR110060759	0				FA	0	0	0	0	0						
02	FAI3997153	99902	12/29/2020	15	01	4	1.50	0	1-vendedor	12/29/2020	10:35:13	1.50	02	 	0		0	0	10:34:27	12/29/2020	12/29/2020	00592240 N/STBSR110060759	0				FA	0	0	0	0	0						
02	FAI3997154	99902	12/29/2020	E1	01	4	6.75	0	1-vendedor	12/29/2020	10:35:42	6.75	02	 	0		0	0	10:34:57	12/29/2020	12/29/2020	00592241 N/STBSR110060759	0				FA	0	0	0	0	0						
02	FAI3997155	99902	12/29/2020	15	01	4	1.45	0	1-vendedor	12/29/2020	10:36:04	1.45	02	 	0		0	0	10:27:43	12/29/2020	12/29/2020	00592242 N/STBSR110060759	0				FA	0	0	0	0	0						
02	FAI3997156	99902	12/29/2020	E1	01	4	3.75	0	1-vendedor	12/29/2020	10:38:30	3.75	02	 	0		0	0	10:36:32	12/29/2020	12/29/2020	00592243 N/STBSR110060759	0				FA	0	0	0	0	0						
02	FAI3997157	99902	12/29/2020	15	01	4	4.75	0	1-vendedor	12/29/2020	10:38:40	4.75	02	 	0		0	0	10:35:57	12/29/2020	12/29/2020	00592244 N/STBSR110060759	0				FA	0	0	0	0	0						
02	FAI3997158	99902	12/29/2020	E1	01	4	3.65	0	1-vendedor	12/29/2020	10:38:54	3.65	02	 	0		0	0	10:38:31	12/29/2020	12/29/2020	00592245 N/STBSR110060759	0				FA	0	0	0	0	0						
02	FAI3997159	99902	12/29/2020	15	01	4	7.35	0	1-vendedor	12/29/2020	10:39:16	7.35	02	 	0		0	0	10:38:41	12/29/2020	12/29/2020	00592246 N/STBSR110060759	0				FA	0	0	0	0	0						
02	FAI3997160	99902	12/29/2020	E1	01	4	3.30	0	1-vendedor	12/29/2020	10:40:18	3.30	02	 	0		0	0	10:38:54	12/29/2020	12/29/2020	00592247 N/STBSR110060759	0				FA	0	0	0	0	0						
02	FAI3997161	99902	12/29/2020	E1	01	4	4.00	0	1-vendedor	12/29/2020	10:41:15	4.00	02	 	0		0	0	10:40:59	12/29/2020	12/29/2020	00592248 N/STBSR110060759	0				FA	0	0	0	0	0						
02	FAI3997162	99902	12/29/2020	15	01	4	4.20	0	1-vendedor	12/29/2020	10:41:32	4.20	02	 	0		0	0	10:36:05	12/29/2020	12/29/2020	00592249 N/STBSR110060759	0				FA	0	0	0	0	0						
02	FAI3997163	99902	12/29/2020	15	01	4	6.25	0	1-vendedor	12/29/2020	10:42:05	6.25	02	 	0		0	0	10:40:29	12/29/2020	12/29/2020	00592250 N/STBSR110060759	0				FA	0	0	0	0	0						
02	FAI3997164	99902	12/29/2020	E1	01	4	10.00	0	1-vendedor	12/29/2020	10:43:31	10.00	02	 	0		0	0	10:41:16	12/29/2020	12/29/2020	00592251 N/STBSR110060759	0				FA	0	0	0	0	0						
02	FAI3997165	99902	12/29/2020	15	01	4	19.50	0	1-vendedor	12/29/2020	10:44:01	19.50	02	 	0		0	0	10:42:06	12/29/2020	12/29/2020	00592252 N/STBSR110060759	0				FA	0	0	0	0	0						
02	FAI3997166	99902	12/29/2020	15	01	4	16.65	0	1-vendedor	12/29/2020	10:45:33	16.65	02	 	0		0	0	10:44:03	12/29/2020	12/29/2020	00592253 N/STBSR110060759	0				FA	0	0	0	0	0						
02	FAI3997167	99902	12/29/2020	E1	01	4	4.30	0	1-vendedor	12/29/2020	10:48:51	4.30	02	 	0		0	0	10:43:31	12/29/2020	12/29/2020	00592254 N/STBSR110060759	0				FA	0	0	0	0	0						
02	FAI3997168	99902	12/29/2020	E1	01	4	9.40	0	1-vendedor	12/29/2020	10:49:58	9.40	02	 	0		0	0	10:49:38	12/29/2020	12/29/2020	00592255 N/STBSR110060759	0				FA	0	0	0	0	0						
02	FAI3997169	99902	12/29/2020	E1	01	4	10.90	0	1-vendedor	12/29/2020	10:50:48	10.90	02	 	0		0	0	10:49:59	12/29/2020	12/29/2020	00592256 N/STBSR110060759	0				FA	0	0	0	0	0						
02	FAI3997170	99902	12/29/2020	15	01	4	12.95	0	1-vendedor	12/29/2020	10:52:01	12.95	02	 	0		0	0	10:49:30	12/29/2020	12/29/2020	00592257 N/STBSR110060759	0				FA	0	0	0	0	0						
02	FAI3997171	99902	12/29/2020	15	01	4	6.45	0	1-vendedor	12/29/2020	10:52:48	6.45	02	 	0		0	0	10:52:02	12/29/2020	12/29/2020	00592258 N/STBSR110060759	0				FA	0	0	0	0	0						
02	FAI3997172	99902	12/29/2020	E1	01	4	3.75	0	1-vendedor	12/29/2020	10:54:46	3.75	02	 	0		0	0	10:50:48	12/29/2020	12/29/2020	00592259 N/STBSR110060759	0				FA	0	0	0	0	0						
02	FAI3997173	99902	12/29/2020	E1	01	4	2.35	0	1-vendedor	12/29/2020	10:56:52	2.35	02	 	0		0	0	10:54:47	12/29/2020	12/29/2020	00592260 N/STBSR110060759	0				FA	0	0	0	0	0						
02	FAI3997174	99902	12/29/2020	E1	01	4	14.70	0	1-vendedor	12/29/2020	10:57:58	14.70	02	 	0		0	0	10:56:53	12/29/2020	12/29/2020	00592261 N/STBSR110060759	0				FA	0	0	0	0	0						
02	FAI3997175	99902	12/29/2020	15	01	4	2.30	0	1-vendedor	12/29/2020	11:01:51	2.30	02	 	0		0	0	10:52:49	12/29/2020	12/29/2020	00592262 N/STBSR110060759	0				FA	0	0	0	0	0						
02	FAI3997176	99902	12/29/2020	15	01	4	11.00	0	1-vendedor	12/29/2020	11:02:54	11.00	02	 	0		0	0	11:01:52	12/29/2020	12/29/2020	00592263 N/STBSR110060759	0				FA	0	0	0	0	0						
02	FAI3997177	99902	12/29/2020	15	01	4	4.25	0	1-vendedor	12/29/2020	11:05:20	4.25	02	 	0		0	0	11:02:55	12/29/2020	12/29/2020	00592264 N/STBSR110060759	0				FA	0	0	0	0	0						
02	FAI3997178	99902	12/29/2020	E1	01	4	7.50	0	1-vendedor	12/29/2020	11:06:59	7.50	02	 	0		0	0	10:57:59	12/29/2020	12/29/2020	00592265 N/STBSR110060759	0				FA	0	0	0	0	0						
02	FAI3997179	99902	12/29/2020	E1	01	4	14.90	0	1-vendedor	12/29/2020	11:08:39	14.90	02	 	0		0	0	11:08:14	12/29/2020	12/29/2020	00592266 N/STBSR110060759	0				FA	0	0	0	0	0						
02	FAI3997180	X5193	12/29/2020	E1	01	4	22.00	0	1-vendedor	12/29/2020	11:14:00	0	01	ANA PATRICIA 	0		0	0	11:08:40	12/29/2020	12/29/2020	00592267 N/STBSR110060759	0				FA	0	0	0	0	0						
02	FAI3997181	99902	12/29/2020	15	01	4	9.00	0	1-vendedor	12/29/2020	11:15:17	9.00	02	 	0		0	0	11:08:09	12/29/2020	12/29/2020	00592268 N/STBSR110060759	0				FA	0	0	0	0	0						
02	FAI3997182	99902	12/29/2020	E1	01	4	5.00	0	1-vendedor	12/29/2020	11:16:20	5.00	02	 	0		0	0	11:14:00	12/29/2020	12/29/2020	00592269 N/STBSR110060759	0				FA	0	0	0	0	0						
02	FAI3997183	99902	12/29/2020	E1	01	4	12.95	0	1-vendedor	12/29/2020	11:17:00	12.95	02	 	0		0	0	11:16:21	12/29/2020	12/29/2020	00592270 N/STBSR110060759	0				FA	0	0	0	0	0						
02	FAI3997184	99902	12/29/2020	15	01	4	6.40	0	1-vendedor	12/29/2020	11:17:17	6.40	02	 	0		0	0	10:41:33	12/29/2020	12/29/2020	00592271 N/STBSR110060759	0				FA	0	0	0	0	0						
02	FAI3997185	99902	12/29/2020	15	01	4	2.50	0	1-vendedor	12/29/2020	11:17:48	2.50	02	 	0		0	0	11:15:19	12/29/2020	12/29/2020	00592272 N/STBSR110060759	0				FA	0	0	0	0	0						
02	FAI3997186	99902	12/29/2020	15	01	4	3.05	0	1-vendedor	12/29/2020	11:20:41	3.05	02	 	0		0	0	11:17:49	12/29/2020	12/29/2020	00592273 N/STBSR110060759	0				FA	0	0	0	0	0						
02	FAI3997187	99902	12/29/2020	E1	01	4	4.50	0	itzagz	12/29/2020	11:23:02	4.50	02	 	0		0	0	11:17:00	12/29/2020	12/29/2020	00592274 N/STBSR110060759	0				FA	0	0	0	0	0						
02	FAI3997188	99902	12/29/2020	15	01	4	3.75	0	1-vendedor	12/29/2020	11:25:26	3.75	02	 	0		0	0	11:20:43	12/29/2020	12/29/2020	00592275 N/STBSR110060759	0				FA	0	0	0	0	0						
02	FAI3997189	99902	12/29/2020	15	01	4	2.10	0	1-vendedor	12/29/2020	11:26:58	2.10	02	 	0		0	0	11:25:27	12/29/2020	12/29/2020	00592276 N/STBSR110060759	0				FA	0	0	0	0	0						
02	FAI3997190	99902	12/29/2020	E1	01	4	23.25	0	1-vendedor	12/29/2020	11:29:57	23.25	02	 	0		0	0	11:29:39	12/29/2020	12/29/2020	00592277 N/STBSR110060759	0				FA	0	0	0	0	0						
02	FAI3997191	99902	12/29/2020	E1	01	4	1.00	0	1-vendedor	12/29/2020	11:30:27	1.07	02	 	0		0.07	0	11:29:58	12/29/2020	12/29/2020	00592278 N/STBSR110060759	0				FA	0	0	0	0	0						
02	FAI3997192	99902	12/29/2020	E1	01	4	5.80	0	1-vendedor	12/29/2020	11:32:54	5.80	02	 	0		0	0	11:30:27	12/29/2020	12/29/2020	00592279 N/STBSR110060759	0				FA	0	0	0	0	0						
02	FAI3997193	99902	12/29/2020	E1	01	4	9.40	0	1-vendedor	12/29/2020	11:38:12	9.40	02	 	0		0	0	11:32:54	12/29/2020	12/29/2020	00592280 N/STBSR110060759	0				FA	0	0	0	0	0						
02	FAI3997194	99902	12/29/2020	E1	01	4	12.95	0	1-vendedor	12/29/2020	11:39:52	12.95	02	 	0		0	0	11:38:13	12/29/2020	12/29/2020	00592281 N/STBSR110060759	0				FA	0	0	0	0	0						
02	FAI3997195	99902	12/29/2020	15	01	4	4.60	0	1-vendedor	12/29/2020	11:40:51	4.60	02	 	0		0	0	11:29:24	12/29/2020	12/29/2020	00592282 N/STBSR110060759	0				FA	0	0	0	0	0						
02	FAI3997196	99902	12/29/2020	E1	01	4	4.95	0	1-vendedor	12/29/2020	11:42:52	4.95	02	 	0		0	0	11:42:31	12/29/2020	12/29/2020	00592283 N/STBSR110060759	0				FA	0	0	0	0	0						
02	FAI3997197	99902	12/29/2020	15	01	4	4.50	0.68	1-vendedor	12/29/2020	11:43:44	3.82	02	 	15.00	06	0	0	11:42:17	12/29/2020	12/29/2020	00592284 N/STBSR110060759	0				FA	0	0	0	0	0						
02	FAI3997198	99902	12/29/2020	E1	01	4	9.45	0	1-vendedor	12/29/2020	11:44:10	9.45	02	 	0		0	0	11:42:52	12/29/2020	12/29/2020	00592285 N/STBSR110060759	0				FA	0	0	0	0	0						
02	FAI3997199	99902	12/29/2020	E1	01	4	1.50	0	1-vendedor	12/29/2020	11:44:43	1.50	02	 	0		0	0	11:44:11	12/29/2020	12/29/2020	00592286 N/STBSR110060759	0				FA	0	0	0	0	0						
02	FAI3997200	99902	12/29/2020	E1	01	4	17.85	0	1-vendedor	12/29/2020	11:46:29	17.85	02	 	0		0	0	11:45:52	12/29/2020	12/29/2020	00592287 N/STBSR110060759	0				FA	0	0	0	0	0						
02	FAI3997201	99902	12/29/2020	E1	01	4	18.95	0	1-vendedor	12/29/2020	11:47:11	18.95	02	 	0		0	0	11:46:30	12/29/2020	12/29/2020	00592288 N/STBSR110060759	0				FA	0	0	0	0	0						
02	FAI3997202	99902	12/29/2020	E1	01	4	6.00	0	1-vendedor	12/29/2020	11:47:54	6.00	02	 	0		0	0	11:47:25	12/29/2020	12/29/2020	00592289 N/STBSR110060759	0				FA	0	0	0	0	0						
02	FAI3997203	99902	12/29/2020	15	01	4	18.45	0	1-vendedor	12/29/2020	11:49:20	18.52	02	 	0		0.07	0	11:47:11	12/29/2020	12/29/2020	00592290 N/STBSR110060759	0				FA	0	0	0	0	0						
02	FAI3997204	99902	12/29/2020	15	01	4	11.45	0	1-vendedor	12/29/2020	11:49:28	11.45	02	 	0		0	0	11:17:18	12/29/2020	12/29/2020	00592291 N/STBSR110060759	0				FA	0	0	0	0	0						
02	FAI3997205	99902	12/29/2020	15	01	4	4.25	0	1-vendedor	12/29/2020	11:50:55	4.25	02	 	0		0	0	11:49:21	12/29/2020	12/29/2020	00592292 N/STBSR110060759	0				FA	0	0	0	0	0						
02	FAI3997206	99902	12/29/2020	E1	01	4	14.05	0	1-vendedor	12/29/2020	11:51:06	14.05	02	 	0		0	0	11:47:54	12/29/2020	12/29/2020	00592293 N/STBSR110060759	0				FA	0	0	0	0	0						
02	FAI3997207	99902	12/29/2020	E1	01	4	13.50	0	1-vendedor	12/29/2020	11:53:08	13.50	02	 	0		0	0	11:51:07	12/29/2020	12/29/2020	00592294 N/STBSR110060759	0				FA	0	0	0	0	0						
02	FAI3997208	99902	12/29/2020	15	01	4	12.95	0	1-vendedor	12/29/2020	11:59:57	12.95	02	 	0		0	0	11:59:42	12/29/2020	12/29/2020	00592295 N/STBSR110060759	0				FA	0	0	0	0	0						
02	FAI3997209	99902	12/29/2020	E1	01	4	5.10	0	1-vendedor	12/29/2020	12:01:18	5.10	02	 	0		0	0	12:00:40	12/29/2020	12/29/2020	00592296 N/STBSR110060759	0				FA	0	0	0	0	0						
02	FAI3997210	99902	12/29/2020	E1	01	4	2.00	0	1-vendedor	12/29/2020	12:02:04	2.14	02	 	0		0.14	0	12:01:19	12/29/2020	12/29/2020	00592297 N/STBSR110060759	0				FA	0	0	0	0	0						
02	FAI3997211	99902	12/29/2020	15	01	4	17.35	0	1-vendedor	12/29/2020	12:05:39	17.35	02	 	0		0	0	11:59:47	12/29/2020	12/29/2020	00592298 N/STBSR110060759	0				FA	0	0	0	0	0						
02	FAI3997212	99902	12/29/2020	E1	01	4	18.35	0	1-vendedor	12/29/2020	12:06:20	18.35	02	 	0		0	0	12:02:05	12/29/2020	12/29/2020	00592299 N/STBSR110060759	0				FA	0	0	0	0	0						
02	FAI3997213	99902	12/29/2020	15	01	4	2.75	0	1-vendedor	12/29/2020	12:07:01	2.75	02	 	0		0	0	12:05:41	12/29/2020	12/29/2020	00592300 N/STBSR110060759	0				FA	0	0	0	0	0						
02	FAI3997214	99902	12/29/2020	E1	01	4	8.15	0	1-vendedor	12/29/2020	12:07:22	8.15	02	 	0		0	0	12:06:21	12/29/2020	12/29/2020	00592301 N/STBSR110060759	0				FA	0	0	0	0	0						
02	FAI3997215	99902	12/29/2020	E1	01	4	18.45	0	1-vendedor	12/29/2020	12:08:15	18.52	02	 	0		0.07	0	12:07:23	12/29/2020	12/29/2020	00592302 N/STBSR110060759	0				FA	0	0	0	0	0						
02	FAI3997216	99902	12/29/2020	15	01	4	1.25	0	1-vendedor	12/29/2020	12:08:48	1.25	02	 	0		0	0	12:07:03	12/29/2020	12/29/2020	00592303 N/STBSR110060759	0				FA	0	0	0	0	0						
02	FAI3997217	99902	12/29/2020	E1	01	4	21.50	0	1-vendedor	12/29/2020	12:09:51	21.50	02	 	0		0	0	12:08:16	12/29/2020	12/29/2020	00592304 N/STBSR110060759	0				FA	0	0	0	0	0						
02	FAI3997218	99902	12/29/2020	E1	01	4	13.40	0	1-vendedor	12/29/2020	12:13:54	13.40	02	 	0		0	0	12:09:51	12/29/2020	12/29/2020	00592305 N/STBSR110060759	0				FA	0	0	0	0	0						
02	FAI3997219	99902	12/29/2020	15	01	4	11.95	0	1-vendedor	12/29/2020	12:14:18	11.95	02	 	0		0	0	12:08:49	12/29/2020	12/29/2020	00592306 N/STBSR110060759	0				FA	0	0	0	0	0						
02	FAI3997220	99902	12/29/2020	E1	01	4	1.00	0	1-vendedor	12/29/2020	12:15:17	1.00	02	 	0		0	0	12:13:54	12/29/2020	12/29/2020	00592307 N/STBSR110060759	0				FA	0	0	0	0	0						
02	FAI3997221	99902	12/29/2020	15	01	4	3.75	0	1-vendedor	12/29/2020	12:16:10	3.75	02	 	0		0	0	12:15:48	12/29/2020	12/29/2020	00592308 N/STBSR110060759	0				FA	0	0	0	0	0						
02	FAI3997222	99902	12/29/2020	E1	01	4	9.45	0	1-vendedor	12/29/2020	12:16:11	9.45	02	 	0		0	0	12:15:51	12/29/2020	12/29/2020	00592309 N/STBSR110060759	0				FA	0	0	0	0	0						
02	FAI3997223	99902	12/29/2020	E1	01	4	3.00	0	1-vendedor	12/29/2020	12:17:47	3.00	02	 	0		0	0	12:16:12	12/29/2020	12/29/2020	00592310 N/STBSR110060759	0				FA	0	0	0	0	0						
02	FAI3997224	99902	12/29/2020	E1	01	4	8.75	0	1-vendedor	12/29/2020	12:18:14	8.75	02	 	0		0	0	12:17:52	12/29/2020	12/29/2020	00592311 N/STBSR110060759	0				FA	0	0	0	0	0						
02	FAI3997225	99902	12/29/2020	15	01	4	1.50	0	1-vendedor	12/29/2020	12:18:19	1.50	02	 	0		0	0	12:17:43	12/29/2020	12/29/2020	00592312 N/STBSR110060759	0				FA	0	0	0	0	0						
02	FAI3997226	99902	12/29/2020	E1	01	4	1.95	0	1-vendedor	12/29/2020	12:19:01	1.95	02	 	0		0	0	12:18:15	12/29/2020	12/29/2020	00592313 N/STBSR110060759	0				FA	0	0	0	0	0						
02	FAI3997227	99902	12/29/2020	15	01	4	7.40	0	1-vendedor	12/29/2020	12:21:50	7.40	02	 	0		0	0	12:18:20	12/29/2020	12/29/2020	00592314 N/STBSR110060759	0				FA	0	0	0	0	0						
02	FAI3997228	99902	12/29/2020	E1	01	4	1.00	0	1-vendedor	12/29/2020	12:27:45	1.00	02	 	0		0	0	12:19:02	12/29/2020	12/29/2020	00592315 N/STBSR110060759	0				FA	0	0	0	0	0						
02	FAI3997229	99902	12/29/2020	E1	01	4	29.20	0	1-vendedor	12/29/2020	12:28:43	29.20	02	 	0		0	0	12:27:46	12/29/2020	12/29/2020	00592316 N/STBSR110060759	0				FA	0	0	0	0	0						
02	FAI3997230	99902	12/29/2020	E1	01	4	2.00	0	1-vendedor	12/29/2020	12:29:53	2.00	02	 	0		0	0	12:28:44	12/29/2020	12/29/2020	00592317 N/STBSR110060759	0				FA	0	0	0	0	0						
02	FAI3997231	99902	12/29/2020	15	01	4	3.75	0	1-vendedor	12/29/2020	12:30:05	3.75	02	 	0		0	0	12:21:51	12/29/2020	12/29/2020	00592318 N/STBSR110060759	0				FA	0	0	0	0	0						
02	FAI3997232	99902	12/29/2020	E1	01	4	5.50	0	1-vendedor	12/29/2020	12:30:43	5.50	02	 	0		0	0	12:29:53	12/29/2020	12/29/2020	00592319 N/STBSR110060759	0				FA	0	0	0	0	0						
02	FAI3997233	99902	12/29/2020	15	01	4	10.75	0	1-vendedor	12/29/2020	12:30:47	10.75	02	 	0		0	0	12:30:06	12/29/2020	12/29/2020	00592320 N/STBSR110060759	0				FA	0	0	0	0	0						
02	FAI3997234	99902	12/29/2020	E1	01	4	20.45	0	1-vendedor	12/29/2020	12:33:00	20.45	02	 	0		0	0	12:32:43	12/29/2020	12/29/2020	00592321 N/STBSR110060759	0				FA	0	0	0	0	0						
02	FAI3997235	99902	12/29/2020	15	01	4	3.75	0	1-vendedor	12/29/2020	12:33:57	3.75	02	 	0		0	0	12:32:37	12/29/2020	12/29/2020	00592322 N/STBSR110060759	0				FA	0	0	0	0	0						
02	FAI3997236	99902	12/29/2020	15	01	4	19.50	0	1-vendedor	12/29/2020	12:34:24	19.50	02	 	0		0	0	12:33:59	12/29/2020	12/29/2020	00592323 N/STBSR110060759	0				FA	0	0	0	0	0						
02	FAI3997237	99902	12/29/2020	15	01	4	10.95	0	1-vendedor	12/29/2020	12:36:49	10.95	02	 	0		0	0	12:34:26	12/29/2020	12/29/2020	00592324 N/STBSR110060759	0				FA	0	0	0	0	0						
02	FAI3997238	99902	12/29/2020	E1	01	4	2.00	0	1-vendedor	12/29/2020	12:36:57	2.00	02	 	0		0	0	12:33:01	12/29/2020	12/29/2020	00592325 N/STBSR110060759	0				FA	0	0	0	0	0						
02	FAI3997239	99902	12/29/2020	15	01	4	5.50	0	1-vendedor	12/29/2020	12:38:24	5.50	02	 	0		0	0	12:36:50	12/29/2020	12/29/2020	00592326 N/STBSR110060759	0				FA	0	0	0	0	0						
02	FAI3997240	99902	12/29/2020	E1	01	4	3.70	0	1-vendedor	12/29/2020	12:39:03	3.70	02	PUBLICIDAD MOMI 	0		0	0	12:36:58	12/29/2020	12/29/2020	00592327 N/STBSR110060759	0				FA	0	0	0	0	0						
02	FAI3997241	99902	12/29/2020	E1	01	4	19.50	0	1-vendedor	12/29/2020	12:40:26	19.50	02	 	0		0	0	12:39:03	12/29/2020	12/29/2020	00592328 N/STBSR110060759	0				FA	0	0	0	0	0						
02	FAI3997242	99902	12/29/2020	15	01	4	4.15	0	1-vendedor	12/29/2020	12:41:43	4.15	02	 	0		0	0	12:38:26	12/29/2020	12/29/2020	00592329 N/STBSR110060759	0				FA	0	0	0	0	0						
02	FAI3997243	99902	12/29/2020	15	01	4	2.65	0.40	1-vendedor	12/29/2020	12:42:37	2.25	02	 	15.00	06	0	0	12:41:45	12/29/2020	12/29/2020	00592330 N/STBSR110060759	0				FA	0	0	0	0	0						
02	FAI3997244	99902	12/29/2020	E1	01	4	9.50	0	1-vendedor	12/29/2020	12:42:42	9.50	02	 	0		0	0	12:40:27	12/29/2020	12/29/2020	00592331 N/STBSR110060759	0				FA	0	0	0	0	0						
02	FAI3997245	99902	12/29/2020	15	01	4	1.75	0	1-vendedor	12/29/2020	12:42:44	1.75	02	 	0		0	0	12:42:39	12/29/2020	12/29/2020	00592332 N/STBSR110060759	0				FA	0	0	0	0	0						
02	FAI3997246	99902	12/29/2020	E1	01	4	3.70	0	1-vendedor	12/29/2020	12:44:04	3.70	02	 	0		0	0	12:42:43	12/29/2020	12/29/2020	00592333 N/STBSR110060759	0				FA	0	0	0	0	0						
02	FAI3997247	X5193	12/29/2020	E1	01	4	6.00	0	1-vendedor	12/29/2020	12:45:30	0	01	CATHERINE 	0		0	0	12:44:05	12/29/2020	12/29/2020	00592334 N/STBSR110060759	0				FA	0	0	0	0	0						
02	FAI3997248	99902	12/29/2020	E1	01	4	8.70	0	1-vendedor	12/29/2020	12:45:58	8.70	02	 	0		0	0	12:45:33	12/29/2020	12/29/2020	00592335 N/STBSR110060759	0				FA	0	0	0	0	0						
02	FAI3997249	99902	12/29/2020	15	01	4	2.50	0	1-vendedor	12/29/2020	12:49:02	2.50	02	 	0		0	0	12:45:10	12/29/2020	12/29/2020	00592336 N/STBSR110060759	0				FA	0	0	0	0	0						
02	FAI3997250	99902	12/29/2020	15	01	4	3.50	0	1-vendedor	12/29/2020	12:50:13	3.50	02	 	0		0	0	12:49:47	12/29/2020	12/29/2020	00592337 N/STBSR110060759	0				FA	0	0	0	0	0						
02	FAI3997251	99902	12/29/2020	E1	01	4	11.95	0	1-vendedor	12/29/2020	12:51:19	11.95	02	 	0		0	0	12:50:51	12/29/2020	12/29/2020	00592338 N/STBSR110060759	0				FA	0	0	0	0	0						
02	FAI3997252	99902	12/29/2020	E1	01	4	20.50	0	1-vendedor	12/29/2020	12:53:35	20.50	02	 	0		0	0	12:51:20	12/29/2020	12/29/2020	00592339 N/STBSR110060759	0				FA	0	0	0	0	0						
02	FAI3997253	99902	12/29/2020	E1	01	4	7.75	0	1-vendedor	12/29/2020	12:54:20	7.75	02	 	0		0	0	12:54:02	12/29/2020	12/29/2020	00592340 N/STBSR110060759	0				FA	0	0	0	0	0						
02	FAI3997254	99902	12/29/2020	E1	01	4	19.50	0	1-vendedor	12/29/2020	12:54:58	19.50	02	 	0		0	0	12:54:31	12/29/2020	12/29/2020	00592341 N/STBSR110060759	0				FA	0	0	0	0	0						
02	FAI3997255	99902	12/29/2020	15	01	4	2.95	0	1-vendedor	12/29/2020	12:55:00	2.95	02	 	0		0	0	12:53:11	12/29/2020	12/29/2020	00592342 N/STBSR110060759	0				FA	0	0	0	0	0						
02	FAI3997256	99902	12/29/2020	E1	01	4	0.75	0	1-vendedor	12/29/2020	12:55:23	0.75	02	 	0		0	0	12:55:20	12/29/2020	12/29/2020	00592343 N/STBSR110060759	0				FA	0	0	0	0	0						
02	FAI3997257	99902	12/29/2020	E1	01	4	9.50	0	1-vendedor	12/29/2020	12:56:15	9.50	02	 	0		0	0	12:55:30	12/29/2020	12/29/2020	00592344 N/STBSR110060759	0				FA	0	0	0	0	0						
02	FAI3997258	99902	12/29/2020	15	01	4	8.05	0	1-vendedor	12/29/2020	12:56:17	8.05	02	 	0		0	0	12:55:02	12/29/2020	12/29/2020	00592345 N/STBSR110060759	0				FA	0	0	0	0	0						
02	FAI3997259	99902	12/29/2020	E1	01	4	0.30	0	1-vendedor	12/29/2020	12:57:10	0.30	02	 	20.00		0	0	12:56:16	12/29/2020	12/29/2020	00592346 N/STBSR110060759	0				FA	0	0	0	0	0						
02	FAI3997260	99902	12/29/2020	E1	01	4	18.95	0	1-vendedor	12/29/2020	12:59:06	18.95	02	 	0		0	0	12:57:11	12/29/2020	12/29/2020	00592347 N/STBSR110060759	0				FA	0	0	0	0	0						
02	FAI3997261	99902	12/29/2020	E1	01	4	2.75	0	1-vendedor	12/29/2020	13:00:26	2.75	02	 	0		0	0	13:00:13	12/29/2020	12/29/2020	00592348 N/STBSR110060759	0				FA	0	0	0	0	0						
02	FAI3997262	99902	12/29/2020	E1	01	4	10.15	0	1-vendedor	12/29/2020	13:00:52	10.15	02	 	0		0	0	13:00:31	12/29/2020	12/29/2020	00592349 N/STBSR110060759	0				FA	0	0	0	0	0						
02	FAI3997263	99902	12/29/2020	15	01	4	4.00	0	1-vendedor	12/29/2020	13:02:36	4.00	02	 	0		0	0	12:59:37	12/29/2020	12/29/2020	00592350 N/STBSR110060759	0				FA	0	0	0	0	0						
02	FAI3997264	99902	12/29/2020	15	01	4	1.50	0	1-vendedor	12/29/2020	13:03:54	1.50	02	 	0		0	0	13:02:38	12/29/2020	12/29/2020	00592351 N/STBSR110060759	0				FA	0	0	0	0	0						
02	FAI3997265	99902	12/29/2020	E1	01	4	5.75	0	1-vendedor	12/29/2020	13:06:07	5.75	02	 	0		0	0	13:00:53	12/29/2020	12/29/2020	00592352 N/STBSR110060759	0				FA	0	0	0	0	0						
02	FAI3997266	99902	12/29/2020	E1	01	4	12.95	0	1-vendedor	12/29/2020	13:08:57	12.95	02	 	0		0	0	13:08:34	12/29/2020	12/29/2020	00592353 N/STBSR110060759	0				FA	0	0	0	0	0						
02	FAI3997267	99902	12/29/2020	E1	01	4	12.95	0	1-vendedor	12/29/2020	13:09:38	12.95	02	 	0		0	0	13:08:58	12/29/2020	12/29/2020	00592354 N/STBSR110060759	0				FA	0	0	0	0	0						
02	FAI3997268	99902	12/29/2020	E1	01	4	1.00	0	1-vendedor	12/29/2020	13:09:47	1.00	02	 	0		0	0	13:09:39	12/29/2020	12/29/2020	00592355 N/STBSR110060759	0				FA	0	0	0	0	0						
02	FAI3997269	99902	12/29/2020	E1	01	4	4.50	0.68	1-vendedor	12/29/2020	13:10:28	3.82	02	 	15.00	06	0	0	13:09:47	12/29/2020	12/29/2020	00592356 N/STBSR110060759	0				FA	0	0	0	0	0						
02	FAI3997270	99902	12/29/2020	E1	01	4	3.00	0	1-vendedor	12/29/2020	13:10:33	3.00	02	 	0		0	0	13:10:29	12/29/2020	12/29/2020	00592357 N/STBSR110060759	0				FA	0	0	0	0	0						
02	FAI3997271	99902	12/29/2020	E1	01	4	15.70	0	1-vendedor	12/29/2020	13:11:59	15.70	02	 	0		0	0	13:10:33	12/29/2020	12/29/2020	00592358 N/STBSR110060759	0				FA	0	0	0	0	0						
02	FAI3997272	99902	12/29/2020	E1	01	4	1.00	0	1-vendedor	12/29/2020	13:12:19	1.00	02	 	0		0	0	13:12:00	12/29/2020	12/29/2020	00592359 N/STBSR110060759	0				FA	0	0	0	0	0						
02	FAI3997273	99902	12/29/2020	E1	01	4	12.95	0	1-vendedor	12/29/2020	13:14:59	12.95	02	 	0		0	0	13:12:20	12/29/2020	12/29/2020	00592360 N/STBSR110060759	0				FA	0	0	0	0	0						
02	FAI3997274	99902	12/29/2020	E1	01	4	5.20	0	1-vendedor	12/29/2020	13:15:19	5.20	02	 	0		0	0	13:14:59	12/29/2020	12/29/2020	00592361 N/STBSR110060759	0				FA	0	0	0	0	0						
02	FAI3997275	99902	12/29/2020	E1	01	4	10.30	0	1-vendedor	12/29/2020	13:16:18	10.30	02	 	0		0	0	13:15:20	12/29/2020	12/29/2020	00592362 N/STBSR110060759	0				FA	0	0	0	0	0						
02	FAI3997276	99902	12/29/2020	E1	01	4	3.70	0.57	1-vendedor	12/29/2020	13:16:32	3.13	02	 	15.00	06	0	0	13:16:19	12/29/2020	12/29/2020	00592363 N/STBSR110060759	0				FA	0	0	0	0	0						
02	FAI3997277	99902	12/29/2020	E1	01	4	11.95	0	1-vendedor	12/29/2020	13:19:13	11.95	02	 	0		0	0	13:16:33	12/29/2020	12/29/2020	00592364 N/STBSR110060759	0				FA	0	0	0	0	0						
02	FAI3997278	99902	12/29/2020	15	01	4	11.50	0	1-vendedor	12/29/2020	13:19:43	11.50	02	 	0		0	0	13:03:55	12/29/2020	12/29/2020	00592365 N/STBSR110060759	0				FA	0	0	0	0	0						
02	FAI3997279	99902	12/29/2020	E1	01	4	7.00	0	1-vendedor	12/29/2020	13:21:43	7.00	02	 	0		0	0	13:19:14	12/29/2020	12/29/2020	00592366 N/STBSR110060759	0				FA	0	0	0	0	0						
02	FAI3997280	99902	12/29/2020	E1	01	4	1.60	0.24	itzagz	12/29/2020	13:23:45	1.36	02	 	15.00	06	0	0	13:21:44	12/29/2020	12/29/2020	00592367 N/STBSR110060759	0				FA	0	0	0	0	0						
02	FAI3997281	99902	12/29/2020	E1	01	4	2.75	0	itzagz	12/29/2020	13:26:39	2.75	02	 	0		0	0	13:23:45	12/29/2020	12/29/2020	00592368 N/STBSR110060759	0				FA	0	0	0	0	0						
02	FAI3997282	99902	12/29/2020	E1	01	4	1.90	0	itzagz	12/29/2020	13:27:27	1.90	02	 	0		0	0	13:26:40	12/29/2020	12/29/2020	00592369 N/STBSR110060759	0				FA	0	0	0	0	0						
02	FAI3997283	99902	12/29/2020	E1	01	4	8.30	0	itzagz	12/29/2020	13:28:00	8.30	02	 	0		0	0	13:27:28	12/29/2020	12/29/2020	00592370 N/STBSR110060759	0				FA	0	0	0	0	0						
02	FAI3997284	99902	12/29/2020	E1	01	4	3.25	0.49	itzagz	12/29/2020	13:31:45	2.76	02	 	15.00	06	0	0	13:28:01	12/29/2020	12/29/2020	00592371 N/STBSR110060759	0				FA	0	0	0	0	0						
02	FAI3997285	99902	12/29/2020	E1	01	4	3.25	0	itzagz	12/29/2020	13:31:57	3.25	02	 	0		0	0	13:31:46	12/29/2020	12/29/2020	00592372 N/STBSR110060759	0				FA	0	0	0	0	0						
02	FAI3997286	99902	12/29/2020	E1	01	4	12.95	0	itzagz	12/29/2020	13:35:59	12.95	02	 	0		0	0	13:31:58	12/29/2020	12/29/2020	00592373 N/STBSR110060759	0				FA	0	0	0	0	0						
02	FAI3997287	99902	12/29/2020	E1	01	4	12.70	0	itzagz	12/29/2020	13:42:24	12.70	02	 	0		0	0	13:36:00	12/29/2020	12/29/2020	00592374 N/STBSR110060759	0				FA	0	0	0	0	0						
02	FAI3997288	99902	12/29/2020	E1	01	4	5.90	0	itzagz	12/29/2020	13:44:17	5.90	02	 	0		0	0	13:42:25	12/29/2020	12/29/2020	00592375 N/STBSR110060759	0				FA	0	0	0	0	0						
02	FAI3997289	99902	12/29/2020	E1	01	4	1.50	0	itzagz	12/29/2020	13:45:40	1.50	02	 	0		0	0	13:44:17	12/29/2020	12/29/2020	00592376 N/STBSR110060759	0				FA	0	0	0	0	0						
02	FAI3997290	99902	12/29/2020	E1	01	4	6.35	0	itzagz	12/29/2020	13:46:50	6.35	02	 	0		0	0	13:45:41	12/29/2020	12/29/2020	00592377 N/STBSR110060759	0				FA	0	0	0	0	0						
02	FAI3997291	99902	12/29/2020	E1	01	4	0.75	0	itzagz	12/29/2020	13:47:27	0.75	02	 	0		0	0	13:46:51	12/29/2020	12/29/2020	00592378 N/STBSR110060759	0				FA	0	0	0	0	0						
02	FAI3997292	99902	12/29/2020	15	01	4	3.25	0	1-vendedor	12/29/2020	13:47:37	3.25	02	 	0		0	0	13:19:45	12/29/2020	12/29/2020	00592379 N/STBSR110060759	0				FA	0	0	0	0	0						
02	FAI3997293	99902	12/29/2020	15	01	4	5.45	0	1-vendedor	12/29/2020	13:49:24	5.45	02	 	0		0	0	13:47:39	12/29/2020	12/29/2020	00592380 N/STBSR110060759	0				FA	0	0	0	0	0						
02	FAI3997294	99902	12/29/2020	E1	01	4	12.85	0	itzagz	12/29/2020	13:52:45	12.85	02	 	0		0	0	13:47:28	12/29/2020	12/29/2020	00592381 N/STBSR110060759	0				FA	0	0	0	0	0						
02	FAI3997295	99902	12/29/2020	E1	01	4	8.15	0	itzagz	12/29/2020	13:53:41	8.15	02	 	0		0	0	13:52:46	12/29/2020	12/29/2020	00592382 N/STBSR110060759	0				FA	0	0	0	0	0						
02	FAI3997296	99902	12/29/2020	15	01	4	0.80	0	1-vendedor	12/29/2020	13:54:05	0.80	02	 	0		0	0	13:53:07	12/29/2020	12/29/2020	00592383 N/STBSR110060759	0				FA	0	0	0	0	0						
02	FAI3997297	99902	12/29/2020	E1	01	4	10.80	0	1-vendedor	12/29/2020	13:54:26	10.80	02	 	0		0	0	13:54:03	12/29/2020	12/29/2020	00592384 N/STBSR110060759	0				FA	0	0	0	0	0						
02	FAI3997298	X5193	12/29/2020	E1	01	4	15.45	0	1-vendedor	12/29/2020	13:55:17	0	01	ENRIQUE GARCIA 	0		0	0	13:54:27	12/29/2020	12/29/2020	00592385 N/STBSR110060759	0				FA	0	0	0	0	0						
02	FAI3997299	99902	12/29/2020	E1	01	4	9.50	0	1-vendedor	12/29/2020	13:55:36	9.50	02	SRA.ISELA  	0		0	0	13:55:18	12/29/2020	12/29/2020	00592386 N/STBSR110060759	0				FA	0	0	0	0	0						
02	FAI3997300	99902	12/29/2020	15	01	4	5.85	0	1-vendedor	12/29/2020	13:56:48	5.85	02	 	0		0	0	13:54:07	12/29/2020	12/29/2020	00592387 N/STBSR110060759	0				FA	0	0	0	0	0						
02	FAI3997301	99902	12/29/2020	E1	01	4	14.95	0	1-vendedor	12/29/2020	13:57:51	14.95	02	 	0		0	0	13:57:23	12/29/2020	12/29/2020	00592388 N/STBSR110060759	0				FA	0	0	0	0	0						
02	FAI3997302	99902	12/29/2020	15	01	4	1.50	0	1-vendedor	12/29/2020	13:57:59	1.50	02	 	0		0	0	13:57:17	12/29/2020	12/29/2020	00592389 N/STBSR110060759	0				FA	0	0	0	0	0						
02	FAI3997303	99902	12/29/2020	B9	01	4	8.75	0	mdonado	12/29/2020	14:01:29	8.75	02	 	0		0	0	14:00:44	12/29/2020	12/29/2020	00592390 N/STBSR110060759	0				FA	0	0	0	0	0						
02	FAI3997304	99902	12/29/2020	15	01	4	2.25	0.34	1-vendedor	12/29/2020	14:01:46	1.91	02	 	15.00	06	0	0	13:58:01	12/29/2020	12/29/2020	00592391 N/STBSR110060759	0				FA	0	0	0	0	0						
02	FAI3997305	99902	12/29/2020	B9	01	4	11.15	0	1-vendedor	12/29/2020	14:03:31	11.15	02	 	0		0	0	14:03:05	12/29/2020	12/29/2020	00592392 N/STBSR110060759	0				FA	0	0	0	0	0						
02	FAI3997306	99902	12/29/2020	B9	01	4	9.85	0	1-vendedor	12/29/2020	14:05:32	9.85	02	 	0		0	0	14:03:31	12/29/2020	12/29/2020	00592393 N/STBSR110060759	0				FA	0	0	0	0	0						
02	FAI3997307	99902	12/29/2020	B9	01	4	12.95	0	1-vendedor	12/29/2020	14:06:07	12.95	02	 	0		0	0	14:05:33	12/29/2020	12/29/2020	00592394 N/STBSR110060759	0				FA	0	0	0	0	0						
02	FAI3997308	99902	12/29/2020	B9	01	4	1.00	0	1-vendedor	12/29/2020	14:07:11	1.07	02	 	0		0.07	0	14:06:07	12/29/2020	12/29/2020	00592395 N/STBSR110060759	0				FA	0	0	0	0	0						
02	FAI3997309	99902	12/29/2020	B9	01	4	16.45	0	1-vendedor	12/29/2020	14:09:24	16.45	02	 	0		0	0	14:07:11	12/29/2020	12/29/2020	00592396 N/STBSR110060759	0				FA	0	0	0	0	0						
02	FAI3997310	99902	12/29/2020	B9	01	4	5.00	0	1-vendedor	12/29/2020	14:10:42	5.00	02	 	0		0	0	14:10:22	12/29/2020	12/29/2020	00592397 N/STBSR110060759	0				FA	0	0	0	0	0						
02	FAI3997311	99902	12/29/2020	15	01	4	4.50	0	1-vendedor	12/29/2020	14:10:44	4.50	02	 	0		0	0	14:10:10	12/29/2020	12/29/2020	00592398 N/STBSR110060759	0				FA	0	0	0	0	0						
02	FAI3997312	99902	12/29/2020	B9	01	4	2.75	0	1-vendedor	12/29/2020	14:12:32	2.75	02	 	0		0	0	14:10:42	12/29/2020	12/29/2020	00592399 N/STBSR110060759	0				FA	0	0	0	0	0						
02	FAI3997313	99902	12/29/2020	B9	01	4	5.00	0	1-vendedor	12/29/2020	14:14:01	5.00	02	 	0		0	0	14:12:32	12/29/2020	12/29/2020	00592400 N/STBSR110060759	0				FA	0	0	0	0	0						
02	FAI3997314	99902	12/29/2020	B9	01	4	14.50	0	1-vendedor	12/29/2020	14:17:24	14.50	02	 	0		0	0	14:16:56	12/29/2020	12/29/2020	00592401 N/STBSR110060759	0				FA	0	0	0	0	0						
02	FAI3997315	99902	12/29/2020	15	01	4	3.00	0	1-vendedor	12/29/2020	14:19:21	3.00	02	 	0		0	0	14:16:52	12/29/2020	12/29/2020	00592402 N/STBSR110060759	0				FA	0	0	0	0	0						
02	FAI3997316	99902	12/29/2020	B9	01	4	0.75	0	1-vendedor	12/29/2020	14:20:27	0.75	02	 	0		0	0	14:17:25	12/29/2020	12/29/2020	00592403 N/STBSR110060759	0				FA	0	0	0	0	0						
02	FAI3997317	99902	12/29/2020	15	01	4	16.70	0	1-vendedor	12/29/2020	14:20:37	16.70	02	 	0		0	0	14:19:22	12/29/2020	12/29/2020	00592404 N/STBSR110060759	0				FA	0	0	0	0	0						
02	FAI3997318	X5193	12/29/2020	B9	01	4	15.45	0	1-vendedor	12/29/2020	14:23:20	0	01	 	0		0	0	14:20:27	12/29/2020	12/29/2020	00592405 N/STBSR110060759	0				FA	0	0	0	0	0						
02	FAI3997319	99902	12/29/2020	B9	01	4	13.65	0	1-vendedor	12/29/2020	14:24:10	13.65	02	 	0		0	0	14:23:44	12/29/2020	12/29/2020	00592406 N/STBSR110060759	0				FA	0	0	0	0	0						
02	FAI3997320	99902	12/29/2020	B9	01	4	13.80	0	1-vendedor	12/29/2020	14:27:52	13.80	02	 	0		0	0	14:24:11	12/29/2020	12/29/2020	00592407 N/STBSR110060759	0				FA	0	0	0	0	0						
02	FAI3997321	99902	12/29/2020	15	01	4	12.95	0	1-vendedor	12/29/2020	14:28:11	12.95	02	 	0		0	0	14:27:27	12/29/2020	12/29/2020	00592408 N/STBSR110060759	0				FA	0	0	0	0	0						
02	FAI3997322	99902	12/29/2020	B9	01	4	19.95	0	1-vendedor	12/29/2020	14:28:28	19.95	02	 	0		0	0	14:27:54	12/29/2020	12/29/2020	00592409 N/STBSR110060759	0				FA	0	0	0	0	0						
02	FAI3997323	99902	12/29/2020	15	01	4	9.25	0	1-vendedor	12/29/2020	14:29:14	9.25	02	 	0		0	0	14:28:12	12/29/2020	12/29/2020	00592410 N/STBSR110060759	0				FA	0	0	0	0	0						
02	FAI3997324	99902	12/29/2020	15	01	4	2.85	0	1-vendedor	12/29/2020	14:30:40	2.85	02	 	0		0	0	14:29:15	12/29/2020	12/29/2020	00592411 N/STBSR110060759	0				FA	0	0	0	0	0						
02	FAI3997325	99902	12/29/2020	15	01	4	4.00	0	1-vendedor	12/29/2020	14:31:29	4.00	02	 	0		0	0	14:30:41	12/29/2020	12/29/2020	00592412 N/STBSR110060759	0				FA	0	0	0	0	0						
02	FAI3997326	99902	12/29/2020	B9	01	4	3.45	0	1-vendedor	12/29/2020	14:31:39	3.45	02	 	0		0	0	14:28:28	12/29/2020	12/29/2020	00592413 N/STBSR110060759	0				FA	0	0	0	0	0						
02	FAI3997327	99902	12/29/2020	B9	01	4	4.00	0	1-vendedor	12/29/2020	14:32:22	4.00	02	 	0		0	0	14:31:40	12/29/2020	12/29/2020	00592414 N/STBSR110060759	0				FA	0	0	0	0	0						
02	FAI3997328	99902	12/29/2020	B9	01	4	3.10	0	1-vendedor	12/29/2020	14:32:49	3.10	02	 	0		0	0	14:32:22	12/29/2020	12/29/2020	00592415 N/STBSR110060759	0				FA	0	0	0	0	0						
02	FAI3997329	99902	12/29/2020	15	01	4	35.45	0	1-vendedor	12/29/2020	14:33:54	35.52	02	 	0		0.07	0	14:31:30	12/29/2020	12/29/2020	00592416 N/STBSR110060759	0				FA	0	0	0	0	0						
02	FAI3997330	99902	12/29/2020	15	01	4	14.20	0	1-vendedor	12/29/2020	14:35:32	14.20	02	 	0		0	0	14:33:56	12/29/2020	12/29/2020	00592417 N/STBSR110060759	0				FA	0	0	0	0	0						
02	FAI3997331	99902	12/29/2020	B9	01	4	0.75	0	1-vendedor	12/29/2020	14:35:53	0.75	02	 	0		0	0	14:32:49	12/29/2020	12/29/2020	00592418 N/STBSR110060759	0				FA	0	0	0	0	0						
02	FAI3997332	99902	12/29/2020	B9	01	4	18.95	0	1-vendedor	12/29/2020	14:39:03	18.95	02	 	0		0	0	14:35:53	12/29/2020	12/29/2020	00592419 N/STBSR110060759	0				FA	0	0	0	0	0						
02	FAI3997333	99902	12/29/2020	B9	01	4	14.45	0	1-vendedor	12/29/2020	14:46:22	14.45	02	 	0		0	0	14:39:03	12/29/2020	12/29/2020	00592420 N/STBSR110060759	0				FA	0	0	0	0	0						
02	FAI3997334	99902	12/29/2020	B9	01	4	2.65	0	1-vendedor	12/29/2020	14:46:43	2.65	02	 	20.00		0	0	14:46:23	12/29/2020	12/29/2020	00592421 N/STBSR110060759	0				FA	0	0	0	0	0						
02	FAI3997335	99902	12/29/2020	44	01	4	4.85	0	1-vendedor	12/29/2020	14:47:00	4.85	02	 	0		0	0	14:27:21	12/29/2020	12/29/2020	00592422 N/STBSR110060759	0				FA	0	0	0	0	0						
02	FAI3997336	99902	12/29/2020	B9	01	4	15.95	0	1-vendedor	12/29/2020	14:47:20	15.95	02	 	0		0	0	14:46:57	12/29/2020	12/29/2020	00592423 N/STBSR110060759	0				FA	0	0	0	0	0						
02	FAI3997337	99902	12/29/2020	B9	01	4	5.00	0	1-vendedor	12/29/2020	14:48:15	5.07	02	 	0		0.07	0	14:47:47	12/29/2020	12/29/2020	00592424 N/STBSR110060759	0				FA	0	0	0	0	0						
02	FAI3997338	99902	12/29/2020	B9	01	4	1.70	0	1-vendedor	12/29/2020	14:48:24	1.70	02	 	0		0	0	14:48:15	12/29/2020	12/29/2020	00592425 N/STBSR110060759	0				FA	0	0	0	0	0						
02	FAI3997339	99902	12/29/2020	B9	01	4	2.50	0	1-vendedor	12/29/2020	14:49:07	2.50	02	 	0		0	0	14:48:38	12/29/2020	12/29/2020	00592426 N/STBSR110060759	0				FA	0	0	0	0	0						
02	FAI3997340	99902	12/29/2020	B9	01	4	19.35	0	1-vendedor	12/29/2020	14:50:24	19.35	02	 	0		0	0	14:49:57	12/29/2020	12/29/2020	00592427 N/STBSR110060759	0				FA	0	0	0	0	0						
02	FAI3997341	99902	12/29/2020	B9	01	4	24.95	0	1-vendedor	12/29/2020	14:51:17	25.09	02	 	0		0.14	0	14:50:24	12/29/2020	12/29/2020	00592428 N/STBSR110060759	0				FA	0	0	0	0	0						
02	FAI3997342	99902	12/29/2020	B9	01	4	23.75	0	1-vendedor	12/29/2020	14:52:26	23.75	02	 	0		0	0	14:51:17	12/29/2020	12/29/2020	00592429 N/STBSR110060759	0				FA	0	0	0	0	0						
02	FAI3997343	99902	12/29/2020	B9	01	4	0.95	0	1-vendedor	12/29/2020	14:53:30	0.95	02	 	0		0	0	14:52:26	12/29/2020	12/29/2020	00592430 N/STBSR110060759	0				FA	0	0	0	0	0						
02	FAI3997344	99902	12/29/2020	15	01	4	3.00	0.45	1-vendedor	12/29/2020	14:53:50	2.55	02	 	15.00	06	0	0	14:49:51	12/29/2020	12/29/2020	00592431 N/STBSR110060759	0				FA	0	0	0	0	0						
02	FAI3997345	99902	12/29/2020	B9	01	4	1.65	0	1-vendedor	12/29/2020	14:55:55	1.65	02	 	0		0	0	14:53:30	12/29/2020	12/29/2020	00592432 N/STBSR110060759	0				FA	0	0	0	0	0						
02	FAI3997346	99902	12/29/2020	15	01	4	2.55	0	1-vendedor	12/29/2020	14:56:18	2.55	02	 	0		0	0	14:47:51	12/29/2020	12/29/2020	00592433 N/STBSR110060759	0				FA	0	0	0	0	0						
02	FAI3997347	99902	12/29/2020	B9	01	4	16.45	0	1-vendedor	12/29/2020	14:58:07	16.59	02	 	0		0.14	0	14:57:44	12/29/2020	12/29/2020	00592434 N/STBSR110060759	0				FA	0	0	0	0	0						
02	FAI3997348	99902	12/29/2020	B9	01	4	13.95	0	1-vendedor	12/29/2020	14:59:05	14.02	02	 	0		0.07	0	14:58:08	12/29/2020	12/29/2020	00592435 N/STBSR110060759	0				FA	0	0	0	0	0						
02	FAI3997349	99902	12/29/2020	15	01	4	4.55	0	1-vendedor	12/29/2020	14:59:09	4.55	02	 	0		0	0	14:57:39	12/29/2020	12/29/2020	00592436 N/STBSR110060759	0				FA	0	0	0	0	0						
02	FAI3997350	99902	12/29/2020	B9	01	4	15.95	0	1-vendedor	12/29/2020	15:00:55	15.95	02	 	0		0	0	14:59:05	12/29/2020	12/29/2020	00592437 N/STBSR110060759	0				FA	0	0	0	0	0						
02	FAI3997351	99902	12/29/2020	B9	01	4	8.10	0	1-vendedor	12/29/2020	15:01:32	8.10	02	 	0		0	0	15:01:19	12/29/2020	12/29/2020	00592438 N/STBSR110060759	0				FA	0	0	0	0	0						
02	FAI3997352	99902	12/29/2020	B9	01	4	31.45	0	1-vendedor	12/29/2020	15:03:13	31.59	02	 	0		0.14	0	15:01:33	12/29/2020	12/29/2020	00592439 N/STBSR110060759	0				FA	0	0	0	0	0						
02	FAI3997353	99902	12/29/2020	B9	01	4	2.25	0	1-vendedor	12/29/2020	15:06:36	2.25	02	 	0		0	0	15:03:13	12/29/2020	12/29/2020	00592440 N/STBSR110060759	0				FA	0	0	0	0	0						
02	FAI3997354	99902	12/29/2020	B9	01	4	1.95	0	1-vendedor	12/29/2020	15:07:28	1.95	02	 	0		0	0	15:06:37	12/29/2020	12/29/2020	00592441 N/STBSR110060759	0				FA	0	0	0	0	0						
02	FAI3997355	99902	12/29/2020	B9	01	4	19.95	0	1-vendedor	12/29/2020	15:09:03	19.95	02	 	0		0	0	15:07:29	12/29/2020	12/29/2020	00592442 N/STBSR110060759	0				FA	0	0	0	0	0						
02	FAI3997356	99902	12/29/2020	B9	01	4	2.25	0	1-vendedor	12/29/2020	15:10:15	2.25	02	 	0		0	0	15:09:03	12/29/2020	12/29/2020	00592443 N/STBSR110060759	0				FA	0	0	0	0	0						
02	FAI3997357	99902	12/29/2020	B9	01	4	7.50	0	1-vendedor	12/29/2020	15:11:11	7.50	02	 	0		0	0	15:11:01	12/29/2020	12/29/2020	00592444 N/STBSR110060759	0				FA	0	0	0	0	0						
02	FAI3997358	99902	12/29/2020	B9	01	4	15.00	0	1-vendedor	12/29/2020	15:13:37	15.00	02	 	20.00		0	0	15:11:11	12/29/2020	12/29/2020	00592445 N/STBSR110060759	0				FA	0	0	0	0	0						
02	FAI3997359	99902	12/29/2020	B9	01	4	2.25	0	1-vendedor	12/29/2020	15:13:53	2.25	02	 	0		0	0	15:13:41	12/29/2020	12/29/2020	00592446 N/STBSR110060759	0				FA	0	0	0	0	0						
02	FAI3997360	99902	12/29/2020	15	01	4	10.00	0	1-vendedor	12/29/2020	15:16:15	10.00	02	 	0		0	0	14:56:19	12/29/2020	12/29/2020	00592447 N/STBSR110060759	0				FA	0	0	0	0	0						
02	FAI3997361	99902	12/29/2020	B9	01	4	1.95	0	1-vendedor	12/29/2020	15:17:21	1.95	02	 	0		0	0	15:13:54	12/29/2020	12/29/2020	00592448 N/STBSR110060759	0				FA	0	0	0	0	0						
02	FAI3997362	99902	12/29/2020	B9	01	4	10.25	1.55	1-vendedor	12/29/2020	15:17:35	8.70	02	 	15.00	06	0	0	15:17:22	12/29/2020	12/29/2020	00592449 N/STBSR110060759	0				FA	0	0	0	0	0						
02	FAI3997363	99902	12/29/2020	15	01	4	2.30	0	1-vendedor	12/29/2020	15:18:03	2.30	02	 	0		0	0	15:13:27	12/29/2020	12/29/2020	00592450 N/STBSR110060759	0				FA	0	0	0	0	0						
02	FAI3997364	99902	12/29/2020	B9	01	4	6.30	0	1-vendedor	12/29/2020	15:18:06	6.30	02	 	0		0	0	15:17:36	12/29/2020	12/29/2020	00592451 N/STBSR110060759	0				FA	0	0	0	0	0						
02	FAI3997365	99902	12/29/2020	B9	01	4	1.00	0	1-vendedor	12/29/2020	15:18:33	1.00	02	 	0		0	0	15:18:07	12/29/2020	12/29/2020	00592452 N/STBSR110060759	0				FA	0	0	0	0	0						
02	FAI3997366	99902	12/29/2020	B9	01	4	1.95	0	1-vendedor	12/29/2020	15:19:24	1.95	02	 	0		0	0	15:18:34	12/29/2020	12/29/2020	00592453 N/STBSR110060759	0				FA	0	0	0	0	0						
02	FAI3997367	99902	12/29/2020	15	01	4	7.60	0	1-vendedor	12/29/2020	15:21:39	7.60	02	 	0		0	0	15:18:05	12/29/2020	12/29/2020	00592454 N/STBSR110060759	0				FA	0	0	0	0	0						
02	FAI3997368	99902	12/29/2020	B9	01	4	15.70	0	mdonado	12/29/2020	15:22:24	15.84	02	 	0		0.14	0	15:19:24	12/29/2020	12/29/2020	00592455 N/STBSR110060759	0				FA	0	0	0	0	0						
02	FAI3997369	99902	12/29/2020	15	01	4	4.00	0	1-vendedor	12/29/2020	15:24:07	4.00	02	 	0		0	0	15:21:41	12/29/2020	12/29/2020	00592456 N/STBSR110060759	0				FA	0	0	0	0	0						
02	FAI3997370	99902	12/29/2020	B9	01	4	1.95	0	mdonado	12/29/2020	15:24:15	1.95	02	 	0		0	0	15:22:25	12/29/2020	12/29/2020	00592457 N/STBSR110060759	0				FA	0	0	0	0	0						
02	FAI3997371	99902	12/29/2020	B9	01	4	1.00	0	mdonado	12/29/2020	15:25:43	1.00	02	 	0		0	0	15:24:15	12/29/2020	12/29/2020	00592458 N/STBSR110060759	0				FA	0	0	0	0	0						
02	FAI3997372	99902	12/29/2020	B9	01	4	20.30	0	mdonado	12/29/2020	15:26:11	20.30	02	 	0		0	0	15:25:43	12/29/2020	12/29/2020	00592459 N/STBSR110060759	0				FA	0	0	0	0	0						
02	FAI3997373	99902	12/29/2020	B9	01	4	32.50	0	1-vendedor	12/29/2020	15:27:25	32.50	02	 	0		0	0	15:26:47	12/29/2020	12/29/2020	00592460 N/STBSR110060759	0				FA	0	0	0	0	0						
02	FAI3997374	99902	12/29/2020	B9	01	4	6.90	0	1-vendedor	12/29/2020	15:28:47	6.90	02	 	0		0	0	15:27:25	12/29/2020	12/29/2020	00592461 N/STBSR110060759	0				FA	0	0	0	0	0						
02	FAI3997375	99902	12/29/2020	B9	01	4	3.00	0.46	1-vendedor	12/29/2020	15:29:02	2.54	02	 	15.00	06	0	0	15:28:47	12/29/2020	12/29/2020	00592462 N/STBSR110060759	0				FA	0	0	0	0	0						
02	FAI3997376	99902	12/29/2020	B9	01	4	27.00	0	1-vendedor	12/29/2020	15:31:19	27.00	02	 	0		0	0	15:30:51	12/29/2020	12/29/2020	00592463 N/STBSR110060759	0				FA	0	0	0	0	0						
02	FAI3997377	99902	12/29/2020	B9	01	4	9.00	0	1-vendedor	12/29/2020	15:31:58	9.00	02	 	0		0	0	15:31:19	12/29/2020	12/29/2020	00592464 N/STBSR110060759	0				FA	0	0	0	0	0						
02	FAI3997378	99902	12/29/2020	B9	01	4	15.95	0	1-vendedor	12/29/2020	15:32:41	15.95	02	 	0		0	0	15:31:58	12/29/2020	12/29/2020	00592465 N/STBSR110060759	0				FA	0	0	0	0	0						
02	FAI3997379	99902	12/29/2020	B9	01	4	3.30	0	1-vendedor	12/29/2020	15:34:29	3.30	02	 	0		0	0	15:32:42	12/29/2020	12/29/2020	00592466 N/STBSR110060759	0				FA	0	0	0	0	0						
02	FAI3997380	99902	12/29/2020	B9	01	4	16.75	0	1-vendedor	12/29/2020	15:38:37	16.75	02	 	0		0	0	15:34:30	12/29/2020	12/29/2020	00592467 N/STBSR110060759	0				FA	0	0	0	0	0						
02	FAI3997381	99902	12/29/2020	15	01	4	9.15	0	1-vendedor	12/29/2020	15:39:17	9.15	02	 	0		0	0	15:28:19	12/29/2020	12/29/2020	00592468 N/STBSR110060759	0				FA	0	0	0	0	0						
02	FAI3997382	99902	12/29/2020	B9	01	4	3.60	0	1-vendedor	12/29/2020	15:39:41	3.60	02	 	0		0	0	15:38:38	12/29/2020	12/29/2020	00592469 N/STBSR110060759	0				FA	0	0	0	0	0						
02	FAI3997383	99902	12/29/2020	15	01	4	6.35	0	1-vendedor	12/29/2020	15:39:51	6.35	02	 	0		0	0	15:39:19	12/29/2020	12/29/2020	00592470 N/STBSR110060759	0				FA	0	0	0	0	0						
02	FAI3997384	99902	12/29/2020	15	01	4	8.00	0	1-vendedor	12/29/2020	15:43:56	8.00	02	 	0		0	0	15:39:53	12/29/2020	12/29/2020	00592471 N/STBSR110060759	0				FA	0	0	0	0	0						
02	FAI3997385	99902	12/29/2020	B9	01	4	3.90	0	1-vendedor	12/29/2020	15:44:05	3.90	02	 	0		0	0	15:39:41	12/29/2020	12/29/2020	00592472 N/STBSR110060759	0				FA	0	0	0	0	0						
02	FAI3997386	99902	12/29/2020	B9	01	4	25.60	0	1-vendedor	12/29/2020	15:45:20	25.60	02	 	0		0	0	15:45:02	12/29/2020	12/29/2020	00592473 N/STBSR110060759	0				FA	0	0	0	0	0						
02	FAI3997387	99902	12/29/2020	B9	01	4	19.95	0	1-vendedor	12/29/2020	15:46:33	20.02	02	 	0		0.07	0	15:45:20	12/29/2020	12/29/2020	00592474 N/STBSR110060759	0				FA	0	0	0	0	0						
02	FAI3997388	99902	12/29/2020	15	01	4	2.00	0	1-vendedor	12/29/2020	15:47:31	2.00	02	 	0		0	0	15:44:52	12/29/2020	12/29/2020	00592475 N/STBSR110060759	0				FA	0	0	0	0	0						
02	FAI3997389	X5193	12/29/2020	B9	01	4	15.45	0	1-vendedor	12/29/2020	15:47:57	0	01	 	0		0	0	15:46:34	12/29/2020	12/29/2020	00592476 N/STBSR110060759	0				FA	0	0	0	0	0						
02	FAI3997390	99902	12/29/2020	B9	01	4	1.55	0	1-vendedor	12/29/2020	15:49:07	1.55	02	 	0		0	0	15:47:58	12/29/2020	12/29/2020	00592477 N/STBSR110060759	0				FA	0	0	0	0	0						
02	FAI3997391	99902	12/29/2020	B9	01	4	12.95	0	1-vendedor	12/29/2020	15:51:57	12.95	02	 	0		0	0	15:50:00	12/29/2020	12/29/2020	00592478 N/STBSR110060759	0				FA	0	0	0	0	0						
02	FAI3997392	99902	12/29/2020	B9	01	4	12.45	0	1-vendedor	12/29/2020	15:52:53	12.45	02	 	0		0	0	15:51:57	12/29/2020	12/29/2020	00592479 N/STBSR110060759	0				FA	0	0	0	0	0						
02	FAI3997393	99902	12/29/2020	B9	01	4	1.95	0	mdonado	12/29/2020	15:53:28	1.95	02	 	0		0	0	15:53:20	12/29/2020	12/29/2020	00592480 N/STBSR110060759	0				FA	0	0	0	0	0						
02	FAI3997394	99902	12/29/2020	B9	01	4	21.50	0	1-vendedor	12/29/2020	15:54:11	21.64	02	 	0		0.14	0	15:54:07	12/29/2020	12/29/2020	00592481 N/STBSR110060759	0				FA	0	0	0	0	0						
02	FAI3997395	99902	12/29/2020	15	01	4	4.50	0	1-vendedor	12/29/2020	15:55:31	4.50	02	 	0		0	0	15:52:26	12/29/2020	12/29/2020	00592482 N/STBSR110060759	0				FA	0	0	0	0	0						
02	FAI3997396	99902	12/29/2020	15	01	4	1.50	0	1-vendedor	12/29/2020	15:56:03	1.50	02	 	0		0	0	15:55:32	12/29/2020	12/29/2020	00592483 N/STBSR110060759	0				FA	0	0	0	0	0						
02	FAI3997397	99902	12/29/2020	B9	01	4	12.45	0	1-vendedor	12/29/2020	15:57:38	12.45	02	 	0		0	0	15:54:11	12/29/2020	12/29/2020	00592484 N/STBSR110060759	0				FA	0	0	0	0	0						
02	FAI3997398	X5193	12/29/2020	B9	01	4	15.45	0	1-vendedor	12/29/2020	15:58:47	0	01	IVONNE 	0		0	0	15:57:39	12/29/2020	12/29/2020	00592485 N/STBSR110060759	0				FA	0	0	0	0	0						
02	FAI3997399	99902	12/29/2020	B9	01	4	4.95	0	1-vendedor	12/29/2020	15:59:20	4.95	02	 	0		0	0	15:59:09	12/29/2020	12/29/2020	00592486 N/STBSR110060759	0				FA	0	0	0	0	0						
02	FAI3997400	99902	12/29/2020	B9	01	4	6.30	0	1-vendedor	12/29/2020	16:02:28	6.30	02	 	0		0	0	16:02:10	12/29/2020	12/29/2020	00592487 N/STBSR110060759	0				FA	0	0	0	0	0						
02	FAI3997401	99902	12/29/2020	B9	01	4	7.65	0	1-vendedor	12/29/2020	16:03:32	7.65	02	 	0		0	0	16:02:29	12/29/2020	12/29/2020	00592488 N/STBSR110060759	0				FA	0	0	0	0	0						
02	FAI3997402	99902	12/29/2020	B9	01	4	3.90	0	1-vendedor	12/29/2020	16:04:13	3.90	02	 	0		0	0	16:03:33	12/29/2020	12/29/2020	00592489 N/STBSR110060759	0				FA	0	0	0	0	0						
02	FAI3997403	99902	12/29/2020	B9	01	4	1.50	0	1-vendedor	12/29/2020	16:04:21	1.50	02	 	0		0	0	16:04:14	12/29/2020	12/29/2020	00592490 N/STBSR110060759	0				FA	0	0	0	0	0						
02	FAI3997404	99902	12/29/2020	B9	01	4	3.50	0	1-vendedor	12/29/2020	16:04:40	3.50	02	 	0		0	0	16:04:22	12/29/2020	12/29/2020	00592491 N/STBSR110060759	0				FA	0	0	0	0	0						
02	FAI3997405	99902	12/29/2020	15	01	4	6.10	0	1-vendedor	12/29/2020	16:05:56	6.10	02	 	0		0	0	16:01:05	12/29/2020	12/29/2020	00592492 N/STBSR110060759	0				FA	0	0	0	0	0						
02	FAI3997406	99902	12/29/2020	B9	01	4	12.00	0	1-vendedor	12/29/2020	16:07:47	12.00	02	 	0		0	0	16:04:40	12/29/2020	12/29/2020	00592493 N/STBSR110060759	0				FA	0	0	0	0	0						
02	FAI3997407	99902	12/29/2020	B9	01	4	18.55	0	1-vendedor	12/29/2020	16:08:52	18.55	02	 	0		0	0	16:07:48	12/29/2020	12/29/2020	00592494 N/STBSR110060759	0				FA	0	0	0	0	0						
02	FAI3997408	99902	12/29/2020	15	01	4	2.05	0	1-vendedor	12/29/2020	16:09:26	2.05	02	 	0		0	0	16:05:58	12/29/2020	12/29/2020	00592495 N/STBSR110060759	0				FA	0	0	0	0	0						
02	FAI3997409	99902	12/29/2020	B9	01	4	12.95	0	mdonado	12/29/2020	16:10:47	12.95	02	 	0		0	0	16:08:52	12/29/2020	12/29/2020	00592496 N/STBSR110060759	0				FA	0	0	0	0	0						
02	FAI3997410	99902	12/29/2020	B9	01	4	18.35	0	mdonado	12/29/2020	16:11:56	18.35	02	 	0		0	0	16:10:48	12/29/2020	12/29/2020	00592497 N/STBSR110060759	0				FA	0	0	0	0	0						
02	FAI3997411	99902	12/29/2020	B9	01	4	20.70	0	1-vendedor	12/29/2020	16:13:15	20.70	02	 	0		0	0	16:13:04	12/29/2020	12/29/2020	00592498 N/STBSR110060759	0				FA	0	0	0	0	0						
02	FAI3997412	99902	12/29/2020	B9	01	4	3.45	0	1-vendedor	12/29/2020	16:16:30	3.45	02	 	0		0	0	16:13:16	12/29/2020	12/29/2020	00592499 N/STBSR110060759	0				FA	0	0	0	0	0						
02	FAI3997413	99902	12/29/2020	B9	01	4	1.95	0	1-vendedor	12/29/2020	16:17:06	1.95	02	 	0		0	0	16:16:31	12/29/2020	12/29/2020	00592500 N/STBSR110060759	0				FA	0	0	0	0	0						
02	FAI3997414	99902	12/29/2020	15	01	4	11.95	0	1-vendedor	12/29/2020	16:18:29	11.95	02	 	0		0	0	16:12:52	12/29/2020	12/29/2020	00592501 N/STBSR110060759	0				FA	0	0	0	0	0						
02	FAI3997415	99902	12/29/2020	B9	01	4	7.50	0	mdonado	12/29/2020	16:18:51	7.50	02	 	0		0	0	16:17:07	12/29/2020	12/29/2020	00592502 N/STBSR110060759	0				FA	0	0	0	0	0						
02	FAI3997416	99902	12/29/2020	B9	01	4	1.95	0	mdonado	12/29/2020	16:19:22	1.95	02	 	0		0	0	16:18:51	12/29/2020	12/29/2020	00592503 N/STBSR110060759	0				FA	0	0	0	0	0						
02	FAI3997417	99902	12/29/2020	B9	01	4	12.95	0	mdonado	12/29/2020	16:21:19	12.95	02	 	0		0	0	16:19:23	12/29/2020	12/29/2020	00592504 N/STBSR110060759	0				FA	0	0	0	0	0						
02	FAI3997418	99902	12/29/2020	B9	01	4	4.50	0	mdonado	12/29/2020	16:21:57	4.50	02	 	0		0	0	16:21:20	12/29/2020	12/29/2020	00592505 N/STBSR110060759	0				FA	0	0	0	0	0						
02	FAI3997419	99902	12/29/2020	15	01	4	0.95	0	1-vendedor	12/29/2020	16:22:37	0.95	02	 	0		0	0	15:47:32	12/29/2020	12/29/2020	00592506 N/STBSR110060759	0				FA	0	0	0	0	0						
02	FAI3997420	99902	12/29/2020	B9	01	4	15.70	0	mdonado	12/29/2020	16:23:01	15.79	02	 	0		0.09	0	16:21:58	12/29/2020	12/29/2020	00592507 N/STBSR110060759	0				FA	0	0	0	0	0						
02	FAI3997421	99902	12/29/2020	15	01	4	6.90	1.04	1-vendedor	12/29/2020	16:24:37	5.86	02	 	15.00	06	0	0	16:18:31	12/29/2020	12/29/2020	00592508 N/STBSR110060759	0				FA	0	0	0	0	0						
02	FAI3997422	99902	12/29/2020	B9	01	4	38.90	0	mdonado	12/29/2020	16:28:01	38.90	02	 	0		0	0	16:23:01	12/29/2020	12/29/2020	00592509 N/STBSR110060759	0				FA	0	0	0	0	0						
02	FAI3997423	99902	12/29/2020	B9	01	4	5.25	0	1-vendedor	12/29/2020	16:29:10	5.25	02	 	0		0	0	16:28:49	12/29/2020	12/29/2020	00592510 N/STBSR110060759	0				FA	0	0	0	0	0						
02	FAI3997424	99902	12/29/2020	B9	01	4	14.45	0	mdonado	12/29/2020	16:30:09	14.45	02	 	0		0	0	16:29:21	12/29/2020	12/29/2020	00592511 N/STBSR110060759	0				FA	0	0	0	0	0						
02	FAI3997425	99902	12/29/2020	B9	01	4	24.50	0	mdonado	12/29/2020	16:31:31	24.50	02	 	0		0	0	16:30:10	12/29/2020	12/29/2020	00592512 N/STBSR110060759	0				FA	0	0	0	0	0						
02	FAI3997426	99902	12/29/2020	B9	01	4	6.85	0	mdonado	12/29/2020	16:33:52	6.85	02	 	0		0	0	16:31:31	12/29/2020	12/29/2020	00592513 N/STBSR110060759	0				FA	0	0	0	0	0						
02	FAI3997427	99902	12/29/2020	B9	01	4	10.45	0	mdonado	12/29/2020	16:34:31	10.45	02	 	0		0	0	16:33:53	12/29/2020	12/29/2020	00592514 N/STBSR110060759	0				FA	0	0	0	0	0						
02	FAI3997428	99902	12/29/2020	B9	01	4	2.30	0	mdonado	12/29/2020	16:35:19	2.30	02	 	20.00		0	0	16:34:45	12/29/2020	12/29/2020	00592515 N/STBSR110060759	0				FA	0	0	0	0	0						
02	FAI3997429	99902	12/29/2020	B9	01	4	2.30	0	mdonado	12/29/2020	16:36:04	2.30	02	 	20.00		0	0	16:35:20	12/29/2020	12/29/2020	00592516 N/STBSR110060759	0				FA	0	0	0	0	0						
02	FAI3997430	99902	12/29/2020	B9	01	4	1.25	0	mdonado	12/29/2020	16:36:37	1.34	02	 	0		0.09	0	16:36:05	12/29/2020	12/29/2020	00592517 N/STBSR110060759	0				FA	0	0	0	0	0						
02	FAI3997431	99902	12/29/2020	B9	01	4	4.25	0	mdonado	12/29/2020	16:36:53	4.25	02	 	0		0	0	16:36:37	12/29/2020	12/29/2020	00592518 N/STBSR110060759	0				FA	0	0	0	0	0						
02	FAI3997432	99902	12/29/2020	B9	01	4	1.15	0	mdonado	12/29/2020	16:37:15	1.15	02	 	20.00		0	0	16:36:54	12/29/2020	12/29/2020	00592519 N/STBSR110060759	0				FA	0	0	0	0	0						
02	FAI3997433	99902	12/29/2020	B9	01	4	3.00	0	mdonado	12/29/2020	16:37:33	3.00	02	 	0		0	0	16:37:16	12/29/2020	12/29/2020	00592520 N/STBSR110060759	0				FA	0	0	0	0	0						
02	FAI3997434	99902	12/29/2020	B9	01	4	4.90	0	mdonado	12/29/2020	16:39:04	4.90	02	 	0		0	0	16:37:34	12/29/2020	12/29/2020	00592521 N/STBSR110060759	0				FA	0	0	0	0	0						
02	FAI3997435	99902	12/29/2020	B9	01	4	7.35	0	mdonado	12/29/2020	16:39:56	7.35	02	 	0		0	0	16:39:05	12/29/2020	12/29/2020	00592522 N/STBSR110060759	0				FA	0	0	0	0	0						
02	FAI3997436	99902	12/29/2020	B9	01	4	22.40	0	mdonado	12/29/2020	16:40:45	22.40	02	 	0		0	0	16:39:57	12/29/2020	12/29/2020	00592523 N/STBSR110060759	0				FA	0	0	0	0	0						
02	FAI3997437	99902	12/29/2020	B9	01	4	3.90	0	mdonado	12/29/2020	16:41:11	3.90	02	 	0		0	0	16:40:46	12/29/2020	12/29/2020	00592524 N/STBSR110060759	0				FA	0	0	0	0	0						
02	FAI3997438	99902	12/29/2020	B9	01	4	19.50	0	mdonado	12/29/2020	16:42:33	19.50	02	 	0		0	0	16:41:12	12/29/2020	12/29/2020	00592525 N/STBSR110060759	0				FA	0	0	0	0	0						
02	FAI3997439	99902	12/29/2020	B9	01	4	12.95	0	mdonado	12/29/2020	16:43:29	12.95	02	 	0		0	0	16:42:34	12/29/2020	12/29/2020	00592526 N/STBSR110060759	0				FA	0	0	0	0	0						
02	FAI3997440	99902	12/29/2020	B9	01	4	13.95	0	mdonado	12/29/2020	16:44:22	14.02	02	 	0		0.07	0	16:43:30	12/29/2020	12/29/2020	00592527 N/STBSR110060759	0				FA	0	0	0	0	0						
02	FAI3997441	99902	12/29/2020	B9	01	4	1.50	0	mdonado	12/29/2020	16:45:50	1.50	02	 	0		0	0	16:44:23	12/29/2020	12/29/2020	00592528 N/STBSR110060759	0				FA	0	0	0	0	0						
02	FAI3997442	99902	12/29/2020	B9	01	4	13.65	0	mdonado	12/29/2020	16:46:55	13.65	02	 	0		0	0	16:45:50	12/29/2020	12/29/2020	00592529 N/STBSR110060759	0				FA	0	0	0	0	0						
02	FAI3997443	99902	12/29/2020	B9	01	4	6.50	0	mdonado	12/29/2020	16:48:34	6.50	02	 	0		0	0	16:46:56	12/29/2020	12/29/2020	00592530 N/STBSR110060759	0				FA	0	0	0	0	0						
02	FAI3997444	99902	12/29/2020	B9	01	4	23.50	0	mdonado	12/29/2020	16:49:06	23.50	02	 	0		0	0	16:48:35	12/29/2020	12/29/2020	00592531 N/STBSR110060759	0				FA	0	0	0	0	0						
02	FAI3997445	99902	12/29/2020	B9	01	4	8.95	0	mdonado	12/29/2020	16:50:42	8.95	02	 	0		0	0	16:49:07	12/29/2020	12/29/2020	00592532 N/STBSR110060759	0				FA	0	0	0	0	0						
02	FAI3997446	99902	12/29/2020	B9	01	4	4.60	0	mdonado	12/29/2020	16:53:27	4.60	02	 	0		0	0	16:53:16	12/29/2020	12/29/2020	00592533 N/STBSR110060759	0				FA	0	0	0	0	0						
02	FAI3997447	99902	12/29/2020	B9	01	4	22.95	0	mdonado	12/29/2020	16:54:44	23.16	02	 	0		0.21	0	16:53:29	12/29/2020	12/29/2020	00592534 N/STBSR110060759	0				FA	0	0	0	0	0						
02	FAI3997448	99902	12/29/2020	B9	01	4	7.65	0	mdonado	12/29/2020	16:55:01	7.65	02	 	0		0	0	16:54:45	12/29/2020	12/29/2020	00592535 N/STBSR110060759	0				FA	0	0	0	0	0						
02	FAI3997449	99902	12/29/2020	B9	01	4	6.00	0	mdonado	12/29/2020	16:56:52	6.00	02	 	0		0	0	16:55:02	12/29/2020	12/29/2020	00592536 N/STBSR110060759	0				FA	0	0	0	0	0						
02	FAI3997450	99902	12/29/2020	B9	01	4	19.10	0	mdonado	12/29/2020	16:58:42	19.10	02	 	0		0	0	16:56:53	12/29/2020	12/29/2020	00592537 N/STBSR110060759	0				FA	0	0	0	0	0						
02	FAI3997451	99902	12/29/2020	B9	01	4	7.25	0	mdonado	12/29/2020	16:59:50	7.25	02	 	0		0	0	16:58:43	12/29/2020	12/29/2020	00592538 N/STBSR110060759	0				FA	0	0	0	0	0						
02	FAI3997452	99902	12/29/2020	B9	01	4	6.80	0	mdonado	12/29/2020	17:01:16	6.80	02	 	0		0	0	16:59:50	12/29/2020	12/29/2020	00592539 N/STBSR110060759	0				FA	0	0	0	0	0						
02	FAI3997453	99902	12/29/2020	B9	01	4	8.25	0	mdonado	12/29/2020	17:01:52	8.25	02	 	0		0	0	17:01:16	12/29/2020	12/29/2020	00592540 N/STBSR110060759	0				FA	0	0	0	0	0						
02	FAI3997454	99902	12/29/2020	B9	01	4	15.45	0	mdonado	12/29/2020	17:03:17	15.45	02	 	0		0	0	17:01:53	12/29/2020	12/29/2020	00592541 N/STBSR110060759	0				FA	0	0	0	0	0						
02	FAI3997455	99902	12/29/2020	B9	01	4	1.50	0	mdonado	12/29/2020	17:03:48	1.50	02	 	20.00		0	0	17:03:17	12/29/2020	12/29/2020	00592542 N/STBSR110060759	0				FA	0	0	0	0	0						
02	FAI3997456	99902	12/29/2020	B9	01	4	2.30	0	mdonado	12/29/2020	17:05:45	2.30	02	 	20.00		0	0	17:03:49	12/29/2020	12/29/2020	00592543 N/STBSR110060759	0				FA	0	0	0	0	0						
