02	FAI3996975	1	04222	2	1.50	3.00		02	0	0		0			0	07:02:27	
02	FAI3996975	2	04780	1	1.55	1.55		05	0	0		0			0	07:02:27	
02	FAI3996976	1	05073	1	1.15	1.15		05	0	0		0			0	07:03:22	
02	FAI3996976	2	04783	1	1.55	1.55		05	0	0		0			0	07:03:22	
02	FAI3996976	3	02465	4	0.30	1.20		02	0	0		0			0	07:03:22	
02	FAI3996977	1	04231	1	1.25	1.25		02	0	0		0			0	07:04:20	
02	FAI3996977	2	04780	1	1.55	1.55		05	0	0		0			0	07:04:20	
02	FAI3996978	1	03215	2	0.75	1.50		02	0	0		0			0	07:04:52	
02	FAI3996978	2	04783	1	1.55	1.55		05	0	0		0			0	07:04:52	
02	FAI3996979	1	04773	1	1.75	1.75		04	0	0		0			0	07:05:26	
02	FAI3996979	2	04222	1	1.50	1.50		02	0	0		0			0	07:05:26	
02	FAI3996979	3	03215	1	0.75	0.75		02	0	0		0			0	07:05:26	
02	FAI3996980	1	03215	4	0.75	3.00		02	0	0		0			0	07:05:47	
02	FAI3996981	1	02465	2	0.75	1.50		02	0	0		0			0	07:07:04	
02	FAI3996981	2	03215	1	0.75	0.75		02	0	0		0			0	07:07:04	
02	FAI3996981	3	03242	1	1.95	1.95		03	0	0		0			0	07:07:04	
02	FAI3996981	4	03244	1	1.65	1.65		03	0	0		0			0	07:07:04	
02	FAI3996982	1	06497	1	2.15	2.15		05	0	0		0			0	07:07:35	
02	FAI3996982	2	04222	2	1.50	3.00		02	0	0		0			0	07:07:35	
02	FAI3996983	1	05073	1	1.15	1.15		05	0	0		0			0	07:08:04	
02	FAI3996983	2	02422	1	0.75	0.75		02	0	0		0			0	07:08:04	
02	FAI3996984	1	02422	2	0.75	1.50		02	0	0		0			0	07:08:46	
02	FAI3996984	2	04777	1	1.50	1.50		04	0	0		0			0	07:08:46	
02	FAI3996985	1	04774	1	1.50	1.50		04	0	0		0			0	07:10:19	
02	FAI3996985	2	04222	1	1.50	1.50		02	0	0		0			0	07:10:19	
02	FAI3996985	3	02465	1	0.75	0.75		02	0	0		0			0	07:10:19	
02	FAI3996985	4	02422	1	0.75	0.75		02	0	0		0			0	07:10:19	
02	FAI3996986	1	04222	1	1.50	1.50		02	0	0		0			0	07:11:14	
02	FAI3996986	2	04231	1	1.25	1.25		02	0	0		0			0	07:11:14	
02	FAI3996986	3	02422	1	0.75	0.75		02	0	0		0			0	07:11:14	
02	FAI3996986	4	05073	2	1.15	2.30		05	0	0		0			0	07:11:14	
02	FAI3996987	1	04222	1	1.50	1.50		02	0	0		0			0	07:11:38	
02	FAI3996987	2	04786	1	1.25	1.25		05	0	0		0			0	07:11:38	
02	FAI3996988	1	04222	3	1.50	4.50		02	0	0		0			0	07:14:47	
02	FAI3996988	2	04780	1	1.55	1.55		05	0	0		0			0	07:14:47	
02	FAI3996989	1	05624	1	1.25	1.25	7451081810287	05	0	0		0			0	07:15:55	
02	FAI3996989	2	03244	1	1.65	1.65		03	0	0		0			0	07:15:55	
02	FAI3996989	3	04222	2	1.50	3.00		02	0	0		0			0	07:15:55	
02	FAI3996989	4	04845	1	0.90	0.90		05	0	0		0			0	07:15:55	
02	FAI3996990	1	04786	1	1.25	1.25		05	0	0		0			0	07:17:32	
02	FAI3996990	2	02422	1	0.75	0.75		02	0	0		0			0	07:17:32	
02	FAI3996991	1	03244	1	1.65	1.65		03	0	0		0			0	07:18:36	
02	FAI3996992	1	03244	2	1.65	3.30		03	0	0		0			0	07:19:08	
02	FAI3996992	2	04222	3	1.50	4.50		02	0	0		0			0	07:19:08	
02	FAI3996993	1	03215	2	0.75	1.50		02	0	0		0			0	07:19:54	
02	FAI3996994	1	03244	1	1.65	1.65		03	0	0		0			0	07:19:59	
02	FAI3996995	1	02422	1	0.75	0.75		02	0	0		0			0	07:20:28	
02	FAI3996995	2	04222	1	1.50	1.50		02	0	0		0			0	07:20:28	
02	FAI3996995	3	04763	1	1.50	1.50		04	0	0		0			0	07:20:28	
02	FAI3996995	4	02187	1	12.50	12.50		01	0	0		0			0	07:20:28	
02	FAI3996996	1	03244	1	1.65	1.65		03	0	0		0			0	07:23:31	
02	FAI3996996	2	05642	1	1.25	1.25	7450030448168	05	0	0		0.09			0	07:23:31	
02	FAI3996996	3	02209	1	14.95	14.95		01	0	0		0			0	07:23:31	
02	FAI3996997	1	04780	1	1.55	1.55		05	0	0		0			0	07:29:04	
02	FAI3996997	2	04222	1	1.50	1.50		02	0	0		0			0	07:29:04	
02	FAI3996997	3	03215	1	0.75	0.75		02	0	0		0			0	07:29:04	
02	FAI3996997	4	03244	1	1.65	1.65		03	0	0		0			0	07:29:04	
02	FAI3996998	1	04781	1	1.55	1.55		05	0	0		0			0	07:30:05	
02	FAI3996999	1	02422	1	0.75	0.75		02	0	0		0			0	07:30:37	
02	FAI3996999	2	02465	1	0.75	0.75		02	0	0		0			0	07:30:37	
02	FAI3996999	3	02379	17	0.75	12.75		02	0	0		0			0	07:30:37	
02	FAI3997000	1	02422	3	0.75	2.25		02	0	0		0			0	07:32:02	
02	FAI3997000	2	04222	1	1.50	1.50		02	0	0		0			0	07:32:02	
02	FAI3997000	3	04777	1	1.50	1.50		04	0	0		0			0	07:32:02	
02	FAI3997001	1	04783	1	1.55	1.55		05	0	0		0			0	07:33:01	
02	FAI3997001	2	04222	1	1.50	1.50		02	0	0		0			0	07:33:01	
02	FAI3997002	1	02515	3	0.70	2.10		02	0	0		0			0	07:36:17	
02	FAI3997003	1	02422	1	0.75	0.75		02	0	0		0			0	07:38:38	
02	FAI3997003	2	04780	1	1.55	1.55		05	0	0		0			0	07:38:38	
02	FAI3997004	1	04777	1	1.50	1.50		04	0	0		0			0	07:39:46	
02	FAI3997004	2	04222	1	1.50	1.50		02	0	0		0			0	07:39:46	
02	FAI3997004	3	02422	1	0.75	0.75		02	0	0		0			0	07:39:46	
02	FAI3997005	1	06497	1	2.15	2.15		05	0	0		0			0	07:41:27	
02	FAI3997005	2	04222	1	1.50	1.50		02	0	0		0			0	07:41:27	
02	FAI3997005	3	03215	2	0.75	1.50		02	0	0		0			0	07:41:27	
02	FAI3997006	1	05516	1	1.00	1.00	004313105056	05	0	0		0			0	07:43:58	
02	FAI3997006	2	03215	2	0.75	1.50		02	0	0		0			0	07:43:58	
02	FAI3997006	3	02465	1	0.75	0.75		02	0	0		0			0	07:43:58	
02	FAI3997007	1	05624	1	1.25	1.25	7451081810287	05	0	0		0			0	07:44:09	
02	FAI3997007	2	02379	1	0.75	0.75		02	0	0		0			0	07:44:09	
02	FAI3997007	3	01343	1	0.85	0.85		01	0	0		0			0	07:44:09	
02	FAI3997007	4	03244	2	1.65	3.30		03	0	0		0			0	07:44:09	
02	FAI3997008	1	04222	1	1.50	1.50		02	0	0		0			0	07:45:45	
02	FAI3997008	2	02392	1	0.95	0.95		02	0	0		0			0	07:45:45	
02	FAI3997008	3	04774	1	1.50	1.50		04	0	0		0			0	07:45:45	
02	FAI3997009	1	04764	1	1.25	1.25		04	0.19	15.00	06	0			0	07:46:59	
02	FAI3997009	2	04222	1	1.50	1.50		02	0.23	15.00	06	0			0	07:46:59	
02	FAI3997010	1	04222	1	1.50	1.50		02	0	0		0			0	07:48:56	
02	FAI3997010	2	02422	2	0.75	1.50		02	0	0		0			0	07:48:56	
02	FAI3997010	3	04774	1	1.50	1.50		04	0	0		0			0	07:48:56	
02	FAI3997010	4	03264	1	1.95	1.95		03	0	0		0			0	07:48:56	
02	FAI3997011	1	04777	1	1.50	1.50		04	0	0		0			0	07:50:48	
02	FAI3997011	2	04231	1	1.25	1.25		02	0	0		0			0	07:50:48	
02	FAI3997012	1	03244	1	1.65	1.65		03	0	0		0			0	07:52:13	
02	FAI3997012	2	05684	1	1.00	1.00	024000501213	05	0	0		0			0	07:52:13	
02	FAI3997013	1	04786	1	1.25	1.25		05	0	0		0			0	07:52:51	
02	FAI3997013	2	01691	1	1.25	1.25		01	0	0		0			0	07:52:51	
02	FAI3997014	1	05086	1	1.45	1.45		05	0	0		0			0	07:53:54	
02	FAI3997015	1	05073	1	1.15	1.15		05	0	0		0			0	07:55:02	
02	FAI3997015	2	02422	4	0.75	3.00		02	0	0		0			0	07:55:02	
02	FAI3997015	3	02465	2	0.75	1.50		02	0	0		0			0	07:55:02	
02	FAI3997016	1	02422	2	0.75	1.50		02	0	0		0			0	07:57:21	
02	FAI3997016	2	06488	1	2.15	2.15		05	0	0		0			0	07:57:21	
02	FAI3997017	1	03263	1	1.50	1.50		03	0	0		0			0	07:59:38	
02	FAI3997018	1	04774	1	1.50	1.50		04	0.23	15.00	06	0			0	07:59:55	
02	FAI3997019	1	03215	3	0.75	2.25		02	0	0		0			0	08:04:31	
02	FAI3997019	2	02465	1	0.75	0.75		02	0	0		0			0	08:04:31	
02	FAI3997019	3	02422	1	0.75	0.75		02	0	0		0			0	08:04:31	
02	FAI3997019	4	04773	1	1.75	1.75		04	0	0		0			0	08:04:31	
02	FAI3997020	1	03244	1	1.65	1.65		03	0	0		0			0	08:06:41	
02	FAI3997020	2	02465	1	0.75	0.75		02	0	0		0			0	08:06:41	
02	FAI3997020	3	02422	1	0.75	0.75		02	0	0		0			0	08:06:41	
02	FAI3997021	1	02465	2	0.75	1.50		02	0	0		0			0	08:10:40	
02	FAI3997021	2	02422	2	0.75	1.50		02	0	0		0			0	08:10:40	
02	FAI3997021	3	05073	1	1.15	1.15		05	0	0		0			0	08:10:40	
02	FAI3997022	1	02465	5	0.75	3.75		02	0	0		0			0	08:12:58	
02	FAI3997022	2	02422	5	0.75	3.75		02	0	0		0			0	08:12:58	
02	FAI3997022	3	03244	1	1.65	1.65		03	0	0		0			0	08:12:58	
02	FAI3997023	1	06488	1	2.15	2.15		05	0	0		0			0	08:13:03	
02	FAI3997023	2	02465	2	0.75	1.50		02	0	0		0			0	08:13:03	
02	FAI3997024	1	02465	3	0.75	2.25		02	0	0		0			0	08:14:58	
02	FAI3997024	2	03215	1	0.75	0.75		02	0	0		0			0	08:14:58	
02	FAI3997024	3	04222	1	1.50	1.50		02	0	0		0			0	08:14:58	
02	FAI3997024	4	05072	1	1.95	1.95		05	0	0		0			0	08:14:58	
02	FAI3997025	1	02515	1	0.70	0.70		02	0	0		0			0	08:16:07	
02	FAI3997025	2	02422	1	0.75	0.75		02	0	0		0			0	08:16:07	
02	FAI3997025	3	04222	1	1.50	1.50		02	0	0		0			0	08:16:07	
02	FAI3997025	4	05501	2	1.00	2.00	7441003518230	05	0	0		0			0	08:16:07	
02	FAI3997026	1	02422	6	0.75	4.50		02	0	0		0			0	08:17:05	
02	FAI3997026	2	04222	4	1.50	6.00		02	0	0		0			0	08:17:05	
02	FAI3997026	3	04773	2	1.75	3.50		04	0	0		0			0	08:17:05	
02	FAI3997027	1	02422	2	0.75	1.50		02	0	0		0			0	08:17:49	
02	FAI3997027	2	01580	1	12.95	12.95		01	0	0		0			0	08:17:49	
02	FAI3997028	1	03215	2	0.75	1.50		02	0	0		0			0	08:18:45	
02	FAI3997028	2	04766	1	1.25	1.25		04	0	0		0			0	08:18:45	
02	FAI3997029	1	03215	4	0.75	3.00		02	0	0		0			0	08:19:27	
02	FAI3997029	2	02515	2	0.70	1.40		02	0	0		0			0	08:19:27	
02	FAI3997029	3	04777	1	1.50	1.50		04	0	0		0			0	08:19:27	
02	FAI3997030	1	02422	2	0.75	1.50		02	0.23	15.00	06	0			0	08:19:29	
02	FAI3997031	1	04777	1	1.50	1.50		04	0	0		0			0	08:20:54	
02	FAI3997031	2	04222	2	1.50	3.00		02	0	0		0			0	08:20:54	
02	FAI3997032	1	02255	1	12.95	12.95		01	0	0		0			0	08:21:33	
02	FAI3997033	1	05483	1	1.00	1.00	7441003500235	05	0	0		0			0	08:23:54	
02	FAI3997033	2	04774	1	1.50	1.50		04	0	0		0			0	08:23:54	
02	FAI3997033	3	03264	1	1.95	1.95		03	0	0		0			0	08:23:54	
02	FAI3997033	4	04222	1	1.50	1.50		02	0	0		0			0	08:23:54	
02	FAI3997033	5	03215	1	0.75	0.75		02	0	0		0			0	08:23:54	
02	FAI3997033	6	02422	1	0.75	0.75		02	0	0		0			0	08:23:54	
02	FAI3997034	1	02465	4	0.75	3.00		02	0	0		0			0	08:24:54	
02	FAI3997034	2	04763	1	1.50	1.50		04	0	0		0			0	08:24:54	
02	FAI3997034	3	04764	1	1.25	1.25		04	0	0		0			0	08:24:54	
02	FAI3997035	1	06491	1	2.15	2.15		05	0	0		0			0	08:25:30	
02	FAI3997036	1	04231	2	1.25	2.50		02	0	0		0			0	08:26:16	
02	FAI3997036	2	02465	1	0.75	0.75		02	0	0		0			0	08:26:16	
02	FAI3997036	3	04773	1	1.75	1.75		04	0	0		0			0	08:26:16	
02	FAI3997037	1	04780	1	1.55	1.55		05	0	0		0			0	08:26:56	
02	FAI3997037	2	03215	2	0.75	1.50		02	0	0		0			0	08:26:56	
02	FAI3997038	1	04222	2	1.50	3.00		02	0	0		0			0	08:27:54	
02	FAI3997038	2	04786	1	1.25	1.25		05	0	0		0			0	08:27:54	
02	FAI3997039	1	04766	1	1.25	1.25		04	0	0		0			0	08:28:42	
02	FAI3997039	2	02380	1	0.85	0.85		02	0	0		0			0	08:28:42	
02	FAI3997040	1	05073	1	1.15	1.15		05	0	0		0			0	08:29:54	
02	FAI3997040	2	02380	2	0.85	1.70		02	0	0		0			0	08:29:54	
02	FAI3997040	3	02379	2	0.75	1.50		02	0	0		0			0	08:29:54	
02	FAI3997040	4	01691	1	1.25	1.25		01	0	0		0			0	08:29:54	
02	FAI3997040	5	02384	1	0.95	0.95		02	0	0		0			0	08:29:54	
02	FAI3997040	6	02422	1	0.75	0.75		02	0	0		0			0	08:29:54	
02	FAI3997041	1	02465	2	0.75	1.50		02	0	0		0			0	08:32:12	
02	FAI3997041	2	01695	1	1.25	1.25		01	0	0		0			0	08:32:12	
02	FAI3997041	3	04764	1	1.25	1.25		04	0	0		0			0	08:32:12	
02	FAI3997042	1	02422	4	0.75	3.00		02	0.45	15.00	06	0			0	08:33:22	
02	FAI3997042	2	04763	1	1.50	1.50		04	0.23	15.00	06	0			0	08:33:22	
02	FAI3997043	1	04222	2	1.50	3.00		02	0	0		0			0	08:33:35	
02	FAI3997044	1	02465	2	0.75	1.50		02	0.23	15.00	06	0			0	08:34:36	
02	FAI3997044	2	04222	1	1.50	1.50		02	0.23	15.00	06	0			0	08:34:36	
02	FAI3997044	3	04764	1	1.25	1.25		04	0.19	15.00	06	0			0	08:34:36	
02	FAI3997045	1	05501	1	1.00	1.00	7441003518230	05	0	0		0			0	08:34:57	
02	FAI3997045	2	03244	1	1.65	1.65		03	0	0		0			0	08:34:57	
02	FAI3997045	3	01435	1	0.80	0.80		01	0	0		0			0	08:34:57	
02	FAI3997046	1	03242	1	1.15	1.15		03	0	0		0			0	08:37:33	
02	FAI3997047	1	05073	1	1.15	1.15		05	0.17	15.00	06	0			0	08:38:04	
02	FAI3997047	2	02465	1	0.75	0.75		02	0.11	15.00	06	0			0	08:38:04	
02	FAI3997047	3	02422	1	0.75	0.75		02	0.11	15.00	06	0			0	08:38:04	
02	FAI3997048	1	03244	1	1.65	1.65		03	0	0		0			0	08:38:12	
02	FAI3997049	1	04781	1	1.55	1.55		05	0	0		0			0	08:38:51	
02	FAI3997049	2	02422	1	0.75	0.75		02	0	0		0			0	08:38:51	
02	FAI3997049	3	03215	1	0.75	0.75		02	0	0		0			0	08:38:51	
02	FAI3997050	1	03242	1	1.95	1.95		03	0	0		0			0	08:39:46	
02	FAI3997050	2	03244	1	1.65	1.65		03	0	0		0			0	08:39:46	
02	FAI3997051	1	04222	2	1.50	3.00		02	0	0		0			0	08:42:12	
02	FAI3997051	2	04777	1	1.50	1.50		04	0	0		0			0	08:42:12	
02	FAI3997052	1	04222	1	1.50	1.50		02	0	0		0			0	08:42:50	
02	FAI3997052	2	03244	1	1.65	1.65		03	0	0		0			0	08:42:50	
02	FAI3997053	1	04231	2	1.25	2.50		02	0	0		0			0	08:43:49	
02	FAI3997053	2	03263	1	1.50	1.50		03	0	0		0			0	08:43:49	
02	FAI3997054	1	02094	1	19.50	19.50		01	0	0		0			0	08:47:12	
02	FAI3997054	2	04231	7	1.25	8.75		02	0	0		0			0	08:47:12	
02	FAI3997054	3	04222	3	1.50	4.50		02	0	0		0			0	08:47:12	
02	FAI3997055	1	03244	1	1.65	1.65		03	0	0		0			0	08:48:05	
02	FAI3997056	1	04789	1	1.50	1.50		04	0	0		0			0	08:48:38	
02	FAI3997056	2	04763	1	1.50	1.50		04	0	0		0			0	08:48:38	
02	FAI3997056	3	02515	2	0.70	1.40		02	0	0		0			0	08:48:38	
02	FAI3997056	4	03215	2	0.75	1.50		02	0	0		0			0	08:48:38	
02	FAI3997057	1	02465	2	0.75	1.50		02	0	0		0			0	08:50:09	
02	FAI3997057	2	02422	1	0.75	0.75		02	0	0		0			0	08:50:09	
02	FAI3997057	3	04774	1	1.50	1.50		04	0	0		0			0	08:50:09	
02	FAI3997058	1	03260	1	9.50	9.50		03	0	0		0			0	08:51:21	
02	FAI3997059	1	02515	5	0.70	3.50		02	0	0		0			0	08:51:40	
02	FAI3997060	1	04777	1	1.50	1.50		04	0	0		0			0	08:52:49	
02	FAI3997060	2	02422	2	0.75	1.50		02	0	0		0			0	08:52:49	
02	FAI3997061	1	04784	1	1.55	1.55		05	0	0		0			0	08:54:30	
02	FAI3997061	2	04222	1	1.50	1.50		02	0	0		0			0	08:54:30	
02	FAI3997062	1	04222	2	1.50	3.00		02	0	0		0			0	08:55:17	
02	FAI3997062	2	03215	2	0.75	1.50		02	0	0		0			0	08:55:17	
02	FAI3997062	3	02465	1	0.75	0.75		02	0	0		0			0	08:55:17	
02	FAI3997062	4	04774	2	1.50	3.00		04	0	0		0			0	08:55:17	
02	FAI3997063	1	04222	1	1.50	1.50		02	0	0		0			0	08:56:17	
02	FAI3997063	2	05073	1	1.15	1.15		05	0	0		0			0	08:56:17	
02	FAI3997064	1	03244	1	1.65	1.65		03	0	0		0			0	08:56:28	
02	FAI3997065	1	03215	1	0.75	0.75		02	0	0		0			0	09:01:10	
02	FAI3997065	2	04763	1	1.50	1.50		04	0	0		0			0	09:01:10	
02	FAI3997066	1	01580	1	12.95	12.95		01	0	0		0			0	09:03:09	
02	FAI3997067	1	03215	1	0.75	0.75		02	0	0		0			0	09:04:00	
02	FAI3997067	2	02422	1	0.75	0.75		02	0	0		0			0	09:04:00	
02	FAI3997068	1	04222	1	1.50	1.50		02	0.23	15.00	06	0			0	09:05:15	
02	FAI3997068	2	02465	4	0.75	3.00		02	0.45	15.00	06	0			0	09:05:15	
02	FAI3997069	1	05600	2	1.00	2.00	900000000000005600	05	0	0		0.14			0	09:08:29	
02	FAI3997070	1	02422	2	0.75	1.50		02	0.23	15.00	06	0			0	09:09:10	
02	FAI3997071	1	03244	1	1.65	1.65		03	0	0		0			0	09:09:54	
02	FAI3997072	1	03244	1	1.65	1.65		03	0	0		0			0	09:10:15	
02	FAI3997073	1	04789	2	1.50	3.00		04	0	0		0			0	09:12:49	
02	FAI3997073	2	04231	2	1.25	2.50		02	0	0		0			0	09:12:49	
02	FAI3997073	3	04222	1	1.50	1.50		02	0	0		0			0	09:12:49	
02	FAI3997074	1	05072	2	1.95	3.90		05	0	0		0			0	09:15:27	
02	FAI3997074	2	04222	6	1.50	9.00		02	0	0		0			0	09:15:27	
02	FAI3997074	3	04773	2	1.75	3.50		04	0	0		0			0	09:15:27	
02	FAI3997075	1	06488	2	2.15	4.30		05	0	0		0			0	09:16:27	
02	FAI3997075	2	03215	1	0.75	0.75		02	0	0		0			0	09:16:27	
02	FAI3997075	3	04231	2	1.25	2.50		02	0	0		0			0	09:16:27	
02	FAI3997076	1	02422	4	0.75	3.00		02	0	0		0			0	09:17:28	
02	FAI3997076	2	02465	4	0.75	3.00		02	0	0		0			0	09:17:28	
02	FAI3997076	3	02383	2	0.95	1.90		02	0	0		0			0	09:17:28	
02	FAI3997076	4	02379	2	0.75	1.50		02	0	0		0			0	09:17:28	
02	FAI3997076	5	03242	1	1.95	1.95		03	0	0		0			0	09:17:28	
02	FAI3997077	1	04763	1	1.50	1.50		04	0	0		0			0	09:17:50	
02	FAI3997077	2	02422	1	0.75	0.75		02	0	0		0			0	09:17:50	
02	FAI3997078	1	02422	6	0.75	4.50		02	0	0		0			0	09:18:45	
02	FAI3997078	2	04774	2	1.50	3.00		04	0	0		0			0	09:18:45	
02	FAI3997078	3	03244	1	1.65	1.65		03	0	0		0			0	09:18:45	
02	FAI3997079	1	02422	3	0.75	2.25		02	0	0		0			0	09:19:36	
02	FAI3997080	1	04780	2	1.55	3.10		05	0	0		0			0	09:21:04	
02	FAI3997080	2	02465	1	0.75	0.75		02	0	0		0			0	09:21:04	
02	FAI3997081	1	04777	1	1.50	1.50		04	0	0		0			0	09:21:58	
02	FAI3997081	2	04222	3	1.50	4.50		02	0	0		0			0	09:21:58	
02	FAI3997082	1	02422	1	0.75	0.75		02	0	0		0			0	09:22:55	
02	FAI3997082	2	03215	1	0.75	0.75		02	0	0		0			0	09:22:55	
02	FAI3997082	3	04774	1	1.50	1.50		04	0	0		0			0	09:22:55	
02	FAI3997083	1	04763	1	1.50	1.50		04	0.23	15.00	06	0			0	09:25:57	
02	FAI3997083	2	04222	1	1.50	1.50		02	0.23	15.00	06	0			0	09:25:57	
02	FAI3997083	3	02515	1	0.70	0.70		02	0.11	15.00	06	0			0	09:25:57	
02	FAI3997084	1	04773	1	1.75	1.75		04	0	0		0			0	09:27:14	
02	FAI3997084	2	02422	2	0.75	1.50		02	0	0		0			0	09:27:14	
02	FAI3997085	1	02422	7	0.75	5.25		02	0	0		0			0	09:29:22	
02	FAI3997086	1	04773	1	1.75	1.75		04	0	0		0			0	09:30:04	
02	FAI3997086	2	02422	3	0.75	2.25		02	0	0		0			0	09:30:04	
02	FAI3997087	1	04773	1	1.75	1.75		04	0	0		0			0	09:32:03	
02	FAI3997087	2	04774	1	1.50	1.50		04	0	0		0			0	09:32:03	
02	FAI3997087	3	02465	5	0.75	3.75		02	0	0		0			0	09:32:03	
02	FAI3997087	4	04222	5	1.50	7.50		02	0	0		0			0	09:32:03	
02	FAI3997088	1	04222	1	1.50	1.50		02	0	0		0			0	09:32:12	
02	FAI3997088	2	03215	1	0.75	0.75		02	0	0		0			0	09:32:12	
02	FAI3997088	3	05483	1	1.00	1.00	7441003500235	05	0	0		0			0	09:32:12	
02	FAI3997089	1	01435	2	0.80	1.60		01	0	0		0			0	09:33:10	
02	FAI3997089	2	01434	1	0.80	0.80		01	0	0		0			0	09:33:10	
02	FAI3997089	3	02515	2	0.70	1.40		02	0	0		0			0	09:33:10	
02	FAI3997089	4	02422	3	0.75	2.25		02	0	0		0			0	09:33:10	
02	FAI3997089	5	04763	1	1.50	1.50		04	0	0		0			0	09:33:10	
02	FAI3997090	1	04222	2	1.50	3.00		02	0	0		0			0	09:35:03	
02	FAI3997090	2	04845	1	0.90	0.90		05	0	0		0			0	09:35:03	
02	FAI3997091	1	06491	2	2.15	4.30		05	0	0		0			0	09:35:22	
02	FAI3997091	2	03242	1	1.95	1.95		03	0	0		0			0	09:35:22	
02	FAI3997092	1	04780	1	1.55	1.55		05	0	0		0			0	09:37:05	
02	FAI3997092	2	04222	1	1.50	1.50		02	0	0		0			0	09:37:05	
02	FAI3997093	1	04222	2	1.50	3.00		02	0	0		0			0	09:38:13	
02	FAI3997093	2	02515	1	0.70	0.70		02	0	0		0			0	09:38:13	
02	FAI3997093	3	04774	1	1.50	1.50		04	0	0		0			0	09:38:13	
02	FAI3997094	1	04532	1	2.75	2.75	7451109340123	01	0	0		0			0	09:40:09	
02	FAI3997094	2	01435	2	0.80	1.60		01	0	0		0			0	09:40:09	
02	FAI3997094	3	04222	4	1.50	6.00		02	0	0		0			0	09:40:09	
02	FAI3997094	4	04763	1	1.50	1.50		04	0	0		0			0	09:40:09	
02	FAI3997095	1	04764	1	1.25	1.25		04	0.19	15.00	06	0			0	09:42:28	
02	FAI3997095	2	02465	1	0.75	0.75		02	0.11	15.00	06	0			0	09:42:28	
02	FAI3997096	1	01343	5	0.85	4.25		01	0	0		0			0	09:44:43	
02	FAI3997096	2	01435	1	0.80	0.80		01	0	0		0			0	09:44:43	
02	FAI3997096	3	05624	1	1.25	1.25	7451081810287	05	0	0		0			0	09:44:43	
02	FAI3997096	4	01394	3	2.50	7.50	000000013130	01	0	0		0			0	09:44:43	
02	FAI3997096	5	04518	1	1.50	1.50	000000045049	04	0	0		0			0	09:44:43	
02	FAI3997097	1	02465	2	0.75	1.50		02	0.23	15.00	06	0			0	09:45:13	
02	FAI3997097	2	04780	1	1.55	1.55		05	0.23	15.00	06	0			0	09:45:13	
02	FAI3997098	1	02383	1	0.95	0.95		02	0	0		0			0	09:45:42	
02	FAI3997098	2	05514	1	1.00	1.00	004313105049	05	0	0		0			0	09:45:42	
02	FAI3997099	1	04231	1	1.25	1.25		02	0	0		0			0	09:45:47	
02	FAI3997099	2	01434	2	0.80	1.60		01	0	0		0			0	09:45:47	
02	FAI3997099	3	01435	1	0.80	0.80		01	0	0		0			0	09:45:47	
02	FAI3997099	4	01343	2	0.85	1.70		01	0	0		0			0	09:45:47	
02	FAI3997099	5	02094	1	19.50	19.50		01	0	0		0			0	09:45:47	
02	FAI3997100	1	04773	1	1.75	1.75		04	0	0		0			0	09:47:06	
02	FAI3997100	2	01694	2	1.25	2.50		01	0	0		0			0	09:47:06	
02	FAI3997100	3	02392	1	0.95	0.95		02	0	0		0			0	09:47:06	
02	FAI3997100	4	01435	1	0.80	0.80		01	0	0		0			0	09:47:06	
02	FAI3997100	5	02188	1	1.25	1.25		01	0	0		0			0	09:47:06	
02	FAI3997100	6	02422	2	0.75	1.50		02	0	0		0			0	09:47:06	
02	FAI3997100	7	02515	2	0.70	1.40		02	0	0		0			0	09:47:06	
02	FAI3997100	8	05483	1	1.00	1.00	7441003500235	05	0	0		0			0	09:47:06	
02	FAI3997101	1	02379	2	0.75	1.50		02	0	0		0			0	09:47:34	
02	FAI3997101	2	03244	1	1.65	1.65		03	0	0		0			0	09:47:34	
02	FAI3997102	1	04786	2	1.25	2.50		05	0	0		0			0	09:48:14	
02	FAI3997102	2	04222	2	1.50	3.00		02	0	0		0			0	09:48:14	
02	FAI3997102	3	04231	2	1.25	2.50		02	0	0		0			0	09:48:14	
02	FAI3997103	1	02187	1	12.50	12.50		01	0	0		0			0	09:48:34	
02	FAI3997104	1	03215	2	0.75	1.50		02	0	0		0			0	09:49:25	
02	FAI3997104	2	04774	1	1.50	1.50		04	0	0		0			0	09:49:25	
02	FAI3997105	1	05602	1	1.00	1.00	900000000000005602	05	0	0		0.07			0	09:49:53	
02	FAI3997106	1	04777	1	1.50	1.50		04	0	0		0			0	09:50:19	
02	FAI3997107	1	04848	1	1.15	1.15		05	0	0		0			0	09:51:38	
02	FAI3997107	2	02422	2	0.75	1.50		02	0	0		0			0	09:51:38	
02	FAI3997107	3	02465	1	0.75	0.75		02	0	0		0			0	09:51:38	
02	FAI3997108	1	02422	3	0.75	2.25		02	0	0		0			0	09:52:42	
02	FAI3997108	2	04222	1	1.50	1.50		02	0	0		0			0	09:52:42	
02	FAI3997108	3	03242	1	1.95	1.95		03	0	0		0			0	09:52:42	
02	FAI3997109	1	03260	1	9.50	9.50		03	0	0		0			0	09:52:57	
02	FAI3997109	2	04766	1	1.25	1.25		04	0	0		0			0	09:52:57	
02	FAI3997109	3	04773	1	1.75	1.75		04	0	0		0			0	09:52:57	
02	FAI3997109	4	02515	2	0.70	1.40		02	0	0		0			0	09:52:57	
02	FAI3997109	5	02465	6	0.75	4.50		02	0	0		0			0	09:52:57	
02	FAI3997110	1	03242	5	1.95	9.75		03	0	0		0			0	09:54:44	
02	FAI3997111	1	04774	1	1.50	1.50		04	0	0		0			0	09:55:17	
02	FAI3997111	2	04773	1	1.75	1.75		04	0	0		0			0	09:55:17	
02	FAI3997111	3	02422	2	0.75	1.50		02	0	0		0			0	09:55:17	
02	FAI3997111	4	02465	2	0.75	1.50		02	0	0		0			0	09:55:17	
02	FAI3997112	1	02422	8	0.75	6.00		02	0	0		0			0	09:55:29	
02	FAI3997112	2	04774	1	1.50	1.50		04	0	0		0			0	09:55:29	
02	FAI3997112	3	04773	1	1.75	1.75		04	0	0		0			0	09:55:29	
02	FAI3997113	1	04222	2	1.50	3.00		02	0.45	15.00	06	0			0	09:55:42	
02	FAI3997114	1	04222	1	1.50	1.50		02	0	0		0			0	09:56:31	
02	FAI3997114	2	04766	1	1.25	1.25		04	0	0		0			0	09:56:31	
02	FAI3997115	1	05078	1	2.50	2.50	7451109340130	05	0	0		0			0	09:57:06	
02	FAI3997116	1	04222	2	1.50	3.00		02	0	0		0			0	09:57:42	
02	FAI3997116	2	03260	1	9.50	9.50		03	0	0		0			0	09:57:42	
02	FAI3997117	1	05607	1	1.00	1.00	900000000000005607	05	0	0		0.07			0	09:59:47	
02	FAI3997117	2	05605	1	1.00	1.00	900000000000005605	05	0	0		0.07			0	09:59:47	
02	FAI3997117	3	02187	1	12.50	12.50		01	0	0		0			0	09:59:47	
02	FAI3997118	1	04773	1	1.75	1.75		04	0.26	15.00	06	0			0	10:00:19	
02	FAI3997118	2	02422	2	0.75	1.50		02	0.23	15.00	06	0			0	10:00:19	
02	FAI3997118	3	04786	1	1.25	1.25		05	0.19	15.00	06	0			0	10:00:19	
02	FAI3997119	1	03242	1	1.95	1.95		03	0	0		0			0	10:00:31	
02	FAI3997120	1	04532	1	2.75	2.75	000000045162	01	0	0		0			0	10:03:01	
02	FAI3997120	2	04777	1	1.50	1.50		04	0	0		0			0	10:03:01	
02	FAI3997120	3	04222	1	1.50	1.50		02	0	0		0			0	10:03:01	
02	FAI3997120	4	04231	1	1.25	1.25		02	0	0		0			0	10:03:01	
02	FAI3997121	1	06496	2	2.15	4.30		05	0	0		0			0	10:04:19	
02	FAI3997121	2	03215	1	0.75	0.75		02	0	0		0			0	10:04:19	
02	FAI3997122	1	04774	1	1.50	1.50		04	0	0		0			0	10:05:44	
02	FAI3997122	2	04222	1	1.50	1.50		02	0	0		0			0	10:05:44	
02	FAI3997122	3	02515	1	0.70	0.70		02	0	0		0			0	10:05:44	
02	FAI3997123	1	02422	3	0.75	2.25		02	0	0		0			0	10:07:19	
02	FAI3997124	1	04222	4	1.50	6.00		02	0	0		0			0	10:08:26	
02	FAI3997124	2	04777	1	1.50	1.50		04	0	0		0			0	10:08:26	
02	FAI3997124	3	04786	1	1.25	1.25		05	0	0		0			0	10:08:26	
02	FAI3997125	1	04231	1	1.25	1.25		02	0	0		0			0	10:08:55	
02	FAI3997125	2	02422	1	0.75	0.75		02	0	0		0			0	10:08:55	
02	FAI3997125	3	04774	1	1.50	1.50		04	0	0		0			0	10:08:55	
02	FAI3997126	1	04773	1	1.75	1.75		04	0	0		0			0	10:10:14	
02	FAI3997126	2	04231	1	1.25	1.25		02	0	0		0			0	10:10:14	
02	FAI3997127	1	03215	4	0.75	3.00		02	0	0		0			0	10:11:20	
02	FAI3997128	1	01751	1	18.95	18.95		01	0	0		0			0	10:11:35	
02	FAI3997129	1	03242	1	1.95	1.95		03	0	0		0			0	10:12:14	
02	FAI3997130	1	02422	2	0.75	1.50		02	0	0		0			0	10:13:04	
02	FAI3997130	2	05513	1	1.00	1.00	004313105094	05	0	0		0			0	10:13:04	
02	FAI3997131	1	05483	1	1.00	1.00	7441003500235	05	0	0		0			0	10:14:02	
02	FAI3997131	2	02422	3	0.75	2.25		02	0	0		0			0	10:14:02	
02	FAI3997131	3	03215	1	0.75	0.75		02	0	0		0			0	10:14:02	
02	FAI3997132	1	02255	1	12.95	12.95		01	0	0		0			0	10:15:12	
02	FAI3997132	2	01435	2	0.80	1.60		01	0	0		0			0	10:15:12	
02	FAI3997133	1	04773	1	1.75	1.75		04	0.26	15.00	06	0			0	10:15:43	
02	FAI3997133	2	02422	1	0.75	0.75		02	0.11	15.00	06	0			0	10:15:43	
02	FAI3997134	1	02515	8	0.70	5.60		02	0	0		0			0	10:17:02	
02	FAI3997134	2	03215	6	0.75	4.50		02	0	0		0			0	10:17:02	
02	FAI3997134	3	02422	6	0.75	4.50		02	0	0		0			0	10:17:02	
02	FAI3997134	4	04774	1	1.50	1.50		04	0	0		0			0	10:17:02	
02	FAI3997135	1	04777	1	1.50	1.50		04	0	0		0			0	10:17:50	
02	FAI3997135	2	04231	1	1.25	1.25		02	0	0		0			0	10:17:50	
02	FAI3997136	1	01750	1	11.95	11.95		01	0	0		0			0	10:19:56	
02	FAI3997137	1	04231	1	1.25	1.25		02	0	0		0			0	10:22:00	
02	FAI3997137	2	02392	1	0.95	0.95		02	0	0		0			0	10:22:00	
02	FAI3997137	3	02384	1	0.95	0.95		02	0	0		0			0	10:22:00	
02	FAI3997138	1	03244	3	1.65	4.95		03	0	0		0			0	10:22:11	
02	FAI3997139	1	05624	1	1.25	1.25	7451081810287	05	0	0		0			0	10:23:06	
02	FAI3997140	1	04231	1	1.25	1.25		02	0	0		0			0	10:24:21	
02	FAI3997140	2	04222	1	1.50	1.50		02	0	0		0			0	10:24:21	
02	FAI3997140	3	02422	3	0.75	2.25		02	0	0		0			0	10:24:21	
02	FAI3997140	4	04774	1	1.50	1.50		04	0	0		0			0	10:24:21	
02	FAI3997140	5	04764	1	1.25	1.25		04	0	0		0			0	10:24:21	
02	FAI3997141	1	03215	3	0.75	2.25		02	0	0		0			0	10:25:40	
02	FAI3997141	2	04777	1	1.50	1.50		04	0	0		0			0	10:25:40	
02	FAI3997142	1	02422	2	0.75	1.50		02	0	0		0			0	10:27:41	
02	FAI3997142	2	03215	2	0.75	1.50		02	0	0		0			0	10:27:41	
02	FAI3997142	3	01343	4	0.85	3.40		01	0	0		0			0	10:27:41	
02	FAI3997143	1	04231	2	1.25	2.50		02	0	0		0			0	10:28:47	
02	FAI3997143	2	02422	1	0.75	0.75		02	0	0		0			0	10:28:47	
02	FAI3997143	3	01692	1	1.25	1.25		01	0	0		0			0	10:28:47	
02	FAI3997143	4	04222	3	1.50	4.50		02	0	0		0			0	10:28:47	
02	FAI3997144	1	01343	3	0.85	2.55		01	0	0		0			0	10:28:56	
02	FAI3997145	1	01343	2	0.85	1.70		01	0	0		0			0	10:29:37	
02	FAI3997145	2	04764	1	1.25	1.25		04	0	0		0			0	10:29:37	
02	FAI3997145	3	02422	1	0.75	0.75		02	0	0		0			0	10:29:37	
02	FAI3997146	1	01343	3	0.85	2.55		01	0	0		0			0	10:30:02	
02	FAI3997147	1	03215	2	0.75	1.50		02	0	0		0			0	10:32:31	
02	FAI3997148	1	03242	2	1.95	3.90		03	0	0		0			0	10:32:53	
02	FAI3997149	1	01751	1	18.95	18.95		01	0	0		0			0	10:33:08	
02	FAI3997150	1	04766	1	1.25	1.25		04	0.19	15.00	06	0			0	10:33:26	
02	FAI3997150	2	04764	1	1.25	1.25		04	0.19	15.00	06	0			0	10:33:26	
02	FAI3997150	3	02422	2	0.75	1.50		02	0.23	15.00	06	0			0	10:33:26	
02	FAI3997151	1	04780	1	1.55	1.55		05	0	0		0			0	10:34:26	
02	FAI3997151	2	04764	1	1.25	1.25		04	0	0		0			0	10:34:26	
02	FAI3997151	3	02422	3	0.75	2.25		02	0	0		0			0	10:34:26	
02	FAI3997152	1	03260	1	9.50	9.50		03	0	0		0			0	10:34:57	
02	FAI3997152	2	02422	4	0.75	3.00		02	0	0		0			0	10:34:57	
02	FAI3997152	3	03215	2	0.75	1.50		02	0	0		0			0	10:34:57	
02	FAI3997152	4	04222	1	1.50	1.50		02	0	0		0			0	10:34:57	
02	FAI3997152	5	02515	2	0.70	1.40		02	0	0		0			0	10:34:57	
02	FAI3997152	6	02392	3	0.95	2.85		02	0	0		0			0	10:34:57	
02	FAI3997152	7	01343	2	0.85	1.70		01	0	0		0			0	10:34:57	
02	FAI3997152	8	04783	1	1.55	1.55		05	0	0		0			0	10:34:57	
02	FAI3997153	1	02465	1	0.75	0.75		02	0	0		0			0	10:35:13	
02	FAI3997153	2	03215	1	0.75	0.75		02	0	0		0			0	10:35:13	
02	FAI3997154	1	03215	3	0.75	2.25		02	0	0		0			0	10:35:42	
02	FAI3997154	2	04222	2	1.50	3.00		02	0	0		0			0	10:35:42	
02	FAI3997154	3	04777	1	1.50	1.50		04	0	0		0			0	10:35:42	
02	FAI3997155	1	02465	1	0.75	0.75		02	0	0		0			0	10:36:04	
02	FAI3997155	2	02515	1	0.70	0.70		02	0	0		0			0	10:36:04	
02	FAI3997156	1	02422	3	0.75	2.25		02	0	0		0			0	10:38:30	
02	FAI3997156	2	04774	1	1.50	1.50		04	0	0		0			0	10:38:30	
02	FAI3997157	1	03215	2	0.75	1.50		02	0	0		0			0	10:38:40	
02	FAI3997157	2	02217	1	1.50	1.50		01	0	0		0			0	10:38:40	
02	FAI3997157	3	04773	1	1.75	1.75		04	0	0		0			0	10:38:40	
02	FAI3997158	1	06492	1	2.15	2.15		05	0	0		0			0	10:38:54	
02	FAI3997158	2	02422	2	0.75	1.50		02	0	0		0			0	10:38:54	
02	FAI3997159	1	04766	1	1.25	1.25		04	0	0		0			0	10:39:16	
02	FAI3997159	2	03242	1	1.95	1.95		03	0	0		0			0	10:39:16	
02	FAI3997159	3	02422	2	0.75	1.50		02	0	0		0			0	10:39:16	
02	FAI3997159	4	02380	2	0.85	1.70		02	0	0		0			0	10:39:16	
02	FAI3997159	5	02392	1	0.95	0.95		02	0	0		0			0	10:39:16	
02	FAI3997160	1	03244	2	1.65	3.30		03	0	0		0			0	10:40:18	
02	FAI3997161	1	04222	1	1.50	1.50		02	0	0		0			0	10:41:15	
02	FAI3997161	2	02422	1	0.75	0.75		02	0	0		0			0	10:41:15	
02	FAI3997161	3	04773	1	1.75	1.75		04	0	0		0			0	10:41:15	
02	FAI3997162	1	02422	3	0.75	2.25		02	0	0		0			0	10:41:32	
02	FAI3997162	2	05071	1	1.95	1.95		05	0	0		0			0	10:41:32	
02	FAI3997163	1	04789	1	1.50	1.50		04	0	0		0			0	10:42:05	
02	FAI3997163	2	05624	1	1.25	1.25	7451081810287	05	0	0		0			0	10:42:05	
02	FAI3997163	3	02665	1	3.50	3.50	7451109340116	01	0	0		0			0	10:42:05	
02	FAI3997164	1	04777	2	1.50	3.00		04	0	0		0			0	10:43:31	
02	FAI3997164	2	04222	2	1.50	3.00		02	0	0		0			0	10:43:31	
02	FAI3997164	3	04231	2	1.25	2.50		02	0	0		0			0	10:43:31	
02	FAI3997164	4	02422	2	0.75	1.50		02	0	0		0			0	10:43:31	
02	FAI3997165	1	02094	1	19.50	19.50		01	0	0		0			0	10:44:01	
02	FAI3997166	1	02422	4	0.75	3.00		02	0	0		0			0	10:45:33	
02	FAI3997166	2	02515	3	0.70	2.10		02	0	0		0			0	10:45:33	
02	FAI3997166	3	04222	4	1.50	6.00		02	0	0		0			0	10:45:33	
02	FAI3997166	4	02380	3	0.85	2.55		02	0	0		0			0	10:45:33	
02	FAI3997166	5	02217	2	1.50	3.00		01	0	0		0			0	10:45:33	
02	FAI3997167	1	06488	2	2.15	4.30		05	0	0		0			0	10:48:51	
02	FAI3997168	1	04222	2	1.50	3.00		02	0	0		0			0	10:49:58	
02	FAI3997168	2	02422	2	0.75	1.50		02	0	0		0			0	10:49:58	
02	FAI3997168	3	02392	2	0.95	1.90		02	0	0		0			0	10:49:58	
02	FAI3997168	4	04763	2	1.50	3.00		04	0	0		0			0	10:49:58	
02	FAI3997169	1	03242	1	1.95	1.95		03	0	0		0			0	10:50:48	
02	FAI3997169	2	03224	1	8.95	8.95		03	0	0		0			0	10:50:48	
02	FAI3997170	1	01580	1	12.95	12.95		01	0	0		0			0	10:52:01	
02	FAI3997171	1	02422	6	0.75	4.50		02	0	0		0			0	10:52:48	
02	FAI3997171	2	03242	1	1.95	1.95		03	0	0		0			0	10:52:48	
02	FAI3997172	1	02379	3	0.75	2.25		02	0	0		0			0	10:54:46	
02	FAI3997172	2	04763	1	1.50	1.50		04	0	0		0			0	10:54:46	
02	FAI3997173	1	04789	1	1.50	1.50		04	0	0		0			0	10:56:52	
02	FAI3997173	2	01343	1	0.85	0.85		01	0	0		0			0	10:56:52	
02	FAI3997174	1	03264	1	1.95	1.95		03	0	0		0			0	10:57:58	
02	FAI3997174	2	04773	1	1.75	1.75		04	0	0		0			0	10:57:58	
02	FAI3997174	3	03260	1	9.50	9.50		03	0	0		0			0	10:57:58	
02	FAI3997174	4	03263	1	1.50	1.50		03	0	0		0			0	10:57:58	
02	FAI3997175	1	03215	1	0.75	0.75		02	0	0		0			0	11:01:51	
02	FAI3997175	2	04780	1	1.55	1.55		05	0	0		0			0	11:01:51	
02	FAI3997176	1	01435	5	0.80	4.00		01	0	0		0			0	11:02:54	
02	FAI3997176	2	04231	2	1.25	2.50		02	0	0		0			0	11:02:54	
02	FAI3997176	3	04222	3	1.50	4.50		02	0	0		0			0	11:02:54	
02	FAI3997177	1	04787	1	1.25	1.25		05	0	0		0			0	11:05:20	
02	FAI3997177	2	02422	2	0.75	1.50		02	0	0		0			0	11:05:20	
02	FAI3997177	3	04222	1	1.50	1.50		02	0	0		0			0	11:05:20	
02	FAI3997178	1	03215	4	0.75	3.00		02	0	0		0			0	11:06:59	
02	FAI3997178	2	04777	3	1.50	4.50		04	0	0		0			0	11:06:59	
02	FAI3997179	1	01580	1	12.95	12.95		01	0	0		0			0	11:08:39	
02	FAI3997179	2	03242	1	1.95	1.95		03	0	0		0			0	11:08:39	
02	FAI3997180	1	05650	1	2.50	2.50		05	0	0		0			0	11:14:00	
02	FAI3997180	2	02094	1	19.50	19.50		01	0	0		0			0	11:14:00	
02	FAI3997181	1	01343	6	0.85	5.10		01	0	0		0			0	11:15:17	
02	FAI3997181	2	03242	2	1.95	3.90		03	0	0		0			0	11:15:17	
02	FAI3997182	1	04777	1	1.50	1.50		04	0	0		0			0	11:16:20	
02	FAI3997182	2	03215	1	0.75	0.75		02	0	0		0			0	11:16:20	
02	FAI3997182	3	03263	1	1.50	1.50		03	0	0		0			0	11:16:20	
02	FAI3997182	4	04231	1	1.25	1.25		02	0	0		0			0	11:16:20	
02	FAI3997183	1	01580	1	12.95	12.95		01	0	0		0			0	11:17:00	
02	FAI3997184	1	04846	1	1.15	1.15		05	0	0		0			0	11:17:17	
02	FAI3997184	2	04763	2	1.50	3.00		04	0	0		0			0	11:17:17	
02	FAI3997184	3	02465	3	0.75	2.25		02	0	0		0			0	11:17:17	
02	FAI3997185	1	01394	1	2.50	2.50	000000013130	01	0	0		0			0	11:17:48	
02	FAI3997186	1	04222	1	1.50	1.50		02	0	0		0			0	11:20:41	
02	FAI3997186	2	04790	1	1.55	1.55		05	0	0		0			0	11:20:41	
02	FAI3997187	1	04222	2	1.50	3.00		02	0	0		0			0	11:23:02	
02	FAI3997187	2	04777	1	1.50	1.50		04	0	0		0			0	11:23:02	
02	FAI3997188	1	02422	3	0.75	2.25		02	0	0		0			0	11:25:26	
02	FAI3997188	2	04774	1	1.50	1.50		04	0	0		0			0	11:25:26	
02	FAI3997189	1	02515	3	0.70	2.10		02	0	0		0			0	11:26:58	
02	FAI3997190	1	02465	1	0.75	0.75		02	0	0		0			0	11:29:57	
02	FAI3997190	2	04774	2	1.50	3.00		04	0	0		0			0	11:29:57	
02	FAI3997190	3	02094	1	19.50	19.50		01	0	0		0			0	11:29:57	
02	FAI3997191	1	05606	1	1.00	1.00	900000000000005606	05	0	0		0.07			0	11:30:27	
02	FAI3997192	1	04222	2	1.50	3.00		02	0	0		0			0	11:32:54	
02	FAI3997192	2	04786	1	1.25	1.25		05	0	0		0			0	11:32:54	
02	FAI3997192	3	04781	1	1.55	1.55		05	0	0		0			0	11:32:54	
02	FAI3997193	1	05508	1	1.00	1.00	7441003545236	05	0	0		0			0	11:38:12	
02	FAI3997193	2	03242	2	1.95	3.90		03	0	0		0			0	11:38:12	
02	FAI3997193	3	04931	1	4.50	4.50		05	0	0		0			0	11:38:12	
02	FAI3997194	1	01580	1	12.95	12.95		01	0	0		0			0	11:39:52	
02	FAI3997195	1	01435	1	0.80	0.80		01	0	0		0			0	11:40:51	
02	FAI3997195	2	01434	1	0.80	0.80		01	0	0		0			0	11:40:51	
02	FAI3997195	3	02422	1	0.75	0.75		02	0	0		0			0	11:40:51	
02	FAI3997195	4	02465	3	0.75	2.25		02	0	0		0			0	11:40:51	
02	FAI3997196	1	04777	1	1.50	1.50		04	0	0		0			0	11:42:52	
02	FAI3997196	2	03215	2	0.75	1.50		02	0	0		0			0	11:42:52	
02	FAI3997196	3	03242	1	1.95	1.95		03	0	0		0			0	11:42:52	
02	FAI3997197	1	02422	4	0.75	3.00		02	0.45	15.00	06	0			0	11:43:44	
02	FAI3997197	2	04777	1	1.50	1.50		04	0.23	15.00	06	0			0	11:43:44	
02	FAI3997198	1	04222	2	1.50	3.00		02	0	0		0			0	11:44:10	
02	FAI3997198	2	04532	1	2.75	2.75	000000045162	01	0	0		0			0	11:44:10	
02	FAI3997198	3	04773	1	1.75	1.75		04	0	0		0			0	11:44:10	
02	FAI3997198	4	03242	1	1.95	1.95		03	0	0		0			0	11:44:10	
02	FAI3997199	1	02379	2	0.75	1.50		02	0	0		0			0	11:44:43	
02	FAI3997200	1	03242	2	1.95	3.90		03	0	0		0			0	11:46:29	
02	FAI3997200	2	03263	1	1.50	1.50		03	0	0		0			0	11:46:29	
02	FAI3997200	3	04777	2	1.50	3.00		04	0	0		0			0	11:46:29	
02	FAI3997200	4	04231	3	1.25	3.75		02	0	0		0			0	11:46:29	
02	FAI3997200	5	01343	2	0.85	1.70		01	0	0		0			0	11:46:29	
02	FAI3997200	6	02379	2	0.75	1.50		02	0	0		0			0	11:46:29	
02	FAI3997200	7	01691	2	1.25	2.50		01	0	0		0			0	11:46:29	
02	FAI3997201	1	01751	1	18.95	18.95		01	0	0		0			0	11:47:11	
02	FAI3997202	1	04222	1	1.50	1.50		02	0	0		0			0	11:47:54	
02	FAI3997202	2	02422	2	0.75	1.50		02	0	0		0			0	11:47:54	
02	FAI3997202	3	04773	1	1.75	1.75		04	0	0		0			0	11:47:54	
02	FAI3997202	4	05624	1	1.25	1.25	7451081810287	05	0	0		0			0	11:47:54	
02	FAI3997203	1	05602	1	1.00	1.00	900000000000005602	05	0	0		0.07			0	11:49:20	
02	FAI3997203	2	04763	2	1.50	3.00		04	0	0		0			0	11:49:20	
02	FAI3997203	3	01580	1	12.95	12.95		01	0	0		0			0	11:49:20	
02	FAI3997203	4	02422	2	0.75	1.50		02	0	0		0			0	11:49:20	
02	FAI3997204	1	01343	2	0.85	1.70		01	0	0		0			0	11:49:28	
02	FAI3997204	2	02188	1	1.25	1.25		01	0	0		0			0	11:49:28	
02	FAI3997204	3	01434	1	0.80	0.80		01	0	0		0			0	11:49:28	
02	FAI3997204	4	02379	2	0.75	1.50		02	0	0		0			0	11:49:28	
02	FAI3997204	5	02380	1	0.85	0.85		02	0	0		0			0	11:49:28	
02	FAI3997204	6	02384	1	0.95	0.95		02	0	0		0			0	11:49:28	
02	FAI3997204	7	02392	1	0.95	0.95		02	0	0		0			0	11:49:28	
02	FAI3997204	8	01658	1	0.95	0.95		01	0	0		0			0	11:49:28	
02	FAI3997204	9	01394	1	2.50	2.50	000000013130	01	0	0		0			0	11:49:28	
02	FAI3997205	1	04532	1	2.75	2.75	000000045162	01	0	0		0			0	11:50:55	
02	FAI3997205	2	02422	2	0.75	1.50		02	0	0		0			0	11:50:55	
02	FAI3997206	1	04774	1	1.50	1.50		04	0	0		0			0	11:51:06	
02	FAI3997206	2	03215	3	0.75	2.25		02	0	0		0			0	11:51:06	
02	FAI3997206	3	02422	2	0.75	1.50		02	0	0		0			0	11:51:06	
02	FAI3997206	4	03242	1	1.95	1.95		03	0	0		0			0	11:51:06	
02	FAI3997206	5	01434	3	0.80	2.40		01	0	0		0			0	11:51:06	
02	FAI3997206	6	02392	2	0.95	1.90		02	0	0		0			0	11:51:06	
02	FAI3997206	7	02380	3	0.85	2.55		02	0	0		0			0	11:51:06	
02	FAI3997207	1	01343	7	0.85	5.95		01	0	0		0			0	11:53:08	
02	FAI3997207	2	01434	2	0.80	1.60		01	0	0		0			0	11:53:08	
02	FAI3997207	3	04764	2	1.25	2.50		04	0	0		0			0	11:53:08	
02	FAI3997207	4	04766	1	1.25	1.25		04	0	0		0			0	11:53:08	
02	FAI3997207	5	02422	1	0.75	0.75		02	0	0		0			0	11:53:08	
02	FAI3997207	6	02465	1	0.75	0.75		02	0	0		0			0	11:53:08	
02	FAI3997207	7	02515	1	0.70	0.70		02	0	0		0			0	11:53:08	
02	FAI3997208	1	02255	1	12.95	12.95		01	0	0		0			0	11:59:57	
02	FAI3997209	1	04518	1	1.50	1.50	7451109340154	04	0	0		0			0	12:01:18	
02	FAI3997209	2	04777	1	1.50	1.50		04	0	0		0			0	12:01:18	
02	FAI3997209	3	01343	1	0.85	0.85		01	0	0		0			0	12:01:18	
02	FAI3997209	4	02188	1	1.25	1.25		01	0	0		0			0	12:01:18	
02	FAI3997210	1	05606	1	1.00	1.00	900000000000005606	05	0	0		0.07			0	12:02:04	
02	FAI3997210	2	05608	1	1.00	1.00	900000000000005608	05	0	0		0.07			0	12:02:04	
02	FAI3997211	1	02217	2	1.50	3.00		01	0	0		0			0	12:05:39	
02	FAI3997211	2	01695	2	1.25	2.50		01	0	0		0			0	12:05:39	
02	FAI3997211	3	02035	2	1.25	2.50		01	0	0		0			0	12:05:39	
02	FAI3997211	4	02259	2	1.50	3.00		01	0	0		0			0	12:05:39	
02	FAI3997211	5	01694	2	1.25	2.50		01	0	0		0			0	12:05:39	
02	FAI3997211	6	02392	2	0.95	1.90		02	0	0		0			0	12:05:39	
02	FAI3997211	7	03242	1	1.95	1.95		03	0	0		0			0	12:05:39	
02	FAI3997212	1	01435	3	0.80	2.40		01	0	0		0			0	12:06:20	
02	FAI3997212	2	02379	4	0.75	3.00		02	0	0		0			0	12:06:20	
02	FAI3997212	3	01756	1	11.95	11.95		01	0	0		0			0	12:06:20	
02	FAI3997212	4	05514	1	1.00	1.00	004313105049	05	0	0		0			0	12:06:20	
02	FAI3997213	1	04763	1	1.50	1.50		04	0	0		0			0	12:07:01	
02	FAI3997213	2	04231	1	1.25	1.25		02	0	0		0			0	12:07:01	
02	FAI3997214	1	04231	3	1.25	3.75		02	0	0		0			0	12:07:22	
02	FAI3997214	2	04222	1	1.50	1.50		02	0	0		0			0	12:07:22	
02	FAI3997214	3	01658	1	0.95	0.95		01	0	0		0			0	12:07:22	
02	FAI3997214	4	02383	1	0.95	0.95		02	0	0		0			0	12:07:22	
02	FAI3997214	5	05508	1	1.00	1.00	7441003545236	05	0	0		0			0	12:07:22	
02	FAI3997215	1	03215	6	0.75	4.50		02	0	0		0			0	12:08:15	
02	FAI3997215	2	01580	1	12.95	12.95		01	0	0		0			0	12:08:15	
02	FAI3997215	3	05602	1	1.00	1.00	900000000000005602	05	0	0		0.07			0	12:08:15	
02	FAI3997216	1	04786	1	1.25	1.25		05	0	0		0			0	12:08:48	
02	FAI3997217	1	05502	2	1.00	2.00	004313106091	05	0	0		0			0	12:09:51	
02	FAI3997217	2	02094	1	19.50	19.50		01	0	0		0			0	12:09:51	
02	FAI3997218	1	03242	4	1.95	7.80		03	0	0		0			0	12:13:54	
02	FAI3997218	2	03215	3	0.75	2.25		02	0	0		0			0	12:13:54	
02	FAI3997218	3	01695	1	1.25	1.25		01	0	0		0			0	12:13:54	
02	FAI3997218	4	01343	1	0.85	0.85		01	0	0		0			0	12:13:54	
02	FAI3997218	5	04764	1	1.25	1.25		04	0	0		0			0	12:13:54	
02	FAI3997219	1	01750	1	11.95	11.95		01	0	0		0			0	12:14:18	
02	FAI3997220	1	05508	1	1.00	1.00	7441003545236	05	0	0		0			0	12:15:17	
02	FAI3997221	1	04222	1	1.50	1.50		02	0	0		0			0	12:16:10	
02	FAI3997221	2	02465	1	0.75	0.75		02	0	0		0			0	12:16:10	
02	FAI3997221	3	04777	1	1.50	1.50		04	0	0		0			0	12:16:10	
02	FAI3997222	1	04774	2	1.50	3.00		04	0	0		0			0	12:16:11	
02	FAI3997222	2	04222	2	1.50	3.00		02	0	0		0			0	12:16:11	
02	FAI3997222	3	02379	2	0.75	1.50		02	0	0		0			0	12:16:11	
02	FAI3997222	4	03242	1	1.95	1.95		03	0	0		0			0	12:16:11	
02	FAI3997223	1	05684	1	1.00	1.00	024000501213	05	0	0		0			0	12:17:47	
02	FAI3997223	2	04231	1	1.25	1.25		02	0	0		0			0	12:17:47	
02	FAI3997223	3	03215	1	0.75	0.75		02	0	0		0			0	12:17:47	
02	FAI3997224	1	01343	8	0.85	6.80		01	0	0		0			0	12:18:14	
02	FAI3997224	2	03242	1	1.95	1.95		03	0	0		0			0	12:18:14	
02	FAI3997225	1	04774	1	1.50	1.50		04	0	0		0			0	12:18:19	
02	FAI3997226	1	03242	1	1.95	1.95		03	0	0		0			0	12:19:01	
02	FAI3997227	1	04774	2	1.50	3.00		04	0	0		0			0	12:21:50	
02	FAI3997227	2	02515	2	0.70	1.40		02	0	0		0			0	12:21:50	
02	FAI3997227	3	04222	2	1.50	3.00		02	0	0		0			0	12:21:50	
02	FAI3997228	1	05483	1	1.00	1.00	7441003500235	05	0	0		0			0	12:27:45	
02	FAI3997229	1	03264	1	1.95	1.95		03	0	0		0			0	12:28:43	
02	FAI3997229	2	01434	1	0.80	0.80		01	0	0		0			0	12:28:43	
02	FAI3997229	3	01692	6	1.25	7.50		01	0	0		0			0	12:28:43	
02	FAI3997229	4	01757	1	18.95	18.95		01	0	0		0			0	12:28:43	
02	FAI3997230	1	05513	1	1.00	1.00	004313105094	05	0	0		0			0	12:29:53	
02	FAI3997230	2	05501	1	1.00	1.00	7441003518230	05	0	0		0			0	12:29:53	
02	FAI3997231	1	02465	1	0.75	0.75		02	0	0		0			0	12:30:05	
02	FAI3997231	2	04222	1	1.50	1.50		02	0	0		0			0	12:30:05	
02	FAI3997231	3	04774	1	1.50	1.50		04	0	0		0			0	12:30:05	
02	FAI3997232	1	04763	2	1.50	3.00		04	0	0		0			0	12:30:43	
02	FAI3997232	2	01435	1	0.80	0.80		01	0	0		0			0	12:30:43	
02	FAI3997232	3	02379	1	0.75	0.75		02	0	0		0			0	12:30:43	
02	FAI3997232	4	02392	1	0.95	0.95		02	0	0		0			0	12:30:43	
02	FAI3997233	1	04766	3	1.25	3.75		04	0	0		0			0	12:30:47	
02	FAI3997233	2	04763	1	1.50	1.50		04	0	0		0			0	12:30:47	
02	FAI3997233	3	02422	2	0.75	1.50		02	0	0		0			0	12:30:47	
02	FAI3997233	4	04231	2	1.25	2.50		02	0	0		0			0	12:30:47	
02	FAI3997233	5	04222	1	1.50	1.50		02	0	0		0			0	12:30:47	
02	FAI3997234	1	02094	1	19.50	19.50		01	0	0		0			0	12:33:00	
02	FAI3997234	2	02384	1	0.95	0.95		02	0	0		0			0	12:33:00	
02	FAI3997235	1	04774	1	1.50	1.50		04	0	0		0			0	12:33:57	
02	FAI3997235	2	02422	3	0.75	2.25		02	0	0		0			0	12:33:57	
02	FAI3997236	1	02094	1	19.50	19.50		01	0	0		0			0	12:34:24	
02	FAI3997237	1	04222	6	1.50	9.00		02	0	0		0			0	12:36:49	
02	FAI3997237	2	03242	1	1.95	1.95		03	0	0		0			0	12:36:49	
02	FAI3997238	1	05483	1	1.00	1.00	7441003500235	05	0	0		0			0	12:36:57	
02	FAI3997238	2	05513	1	1.00	1.00	004313105094	05	0	0		0			0	12:36:57	
02	FAI3997239	1	02422	2	0.75	1.50		02	0	0		0			0	12:38:24	
02	FAI3997239	2	01692	2	1.25	2.50		01	0	0		0			0	12:38:24	
02	FAI3997239	3	04777	1	1.50	1.50		04	0	0		0			0	12:38:24	
02	FAI3997240	1	05661	1	1.75	1.75	743337119297	05	0	0		0			0	12:39:03	
02	FAI3997240	2	03264	1	1.95	1.95		03	0	0		0			0	12:39:03	
02	FAI3997241	1	02094	1	19.50	19.50		01	0	0		0			0	12:40:26	
02	FAI3997242	1	04222	1	1.50	1.50		02	0	0		0			0	12:41:43	
02	FAI3997242	2	02515	1	0.70	0.70		02	0	0		0			0	12:41:43	
02	FAI3997242	3	03242	1	1.95	1.95		03	0	0		0			0	12:41:43	
02	FAI3997243	1	02465	2	0.75	1.50		02	0.23	15.00	06	0			0	12:42:37	
02	FAI3997243	2	04846	1	1.15	1.15		05	0.17	15.00	06	0			0	12:42:37	
02	FAI3997244	1	03260	1	9.50	9.50		03	0	0		0			0	12:42:42	
02	FAI3997245	1	04773	1	1.75	1.75		04	0	0		0			0	12:42:44	
02	FAI3997246	1	02515	1	0.70	0.70		02	0	0		0			0	12:44:04	
02	FAI3997246	2	02465	2	0.75	1.50		02	0	0		0			0	12:44:04	
02	FAI3997246	3	04763	1	1.50	1.50		04	0	0		0			0	12:44:04	
02	FAI3997247	1	02665	1	3.50	3.50		01	0	0		0			0	12:45:30	
02	FAI3997247	2	05650	1	2.50	2.50		05	0	0		0			0	12:45:30	
02	FAI3997248	1	02515	2	0.70	1.40		02	0	0		0			0	12:45:58	
02	FAI3997248	2	03215	1	0.75	0.75		02	0	0		0			0	12:45:58	
02	FAI3997248	3	02465	2	0.75	1.50		02	0	0		0			0	12:45:58	
02	FAI3997248	4	01435	1	0.80	0.80		01	0	0		0			0	12:45:58	
02	FAI3997248	5	02188	1	1.25	1.25		01	0	0		0			0	12:45:58	
02	FAI3997248	6	04774	1	1.50	1.50		04	0	0		0			0	12:45:58	
02	FAI3997248	7	04777	1	1.50	1.50		04	0	0		0			0	12:45:58	
02	FAI3997249	1	01692	1	1.25	1.25		01	0	0		0			0	12:49:02	
02	FAI3997249	2	01688	1	1.25	1.25		01	0	0		0			0	12:49:02	
02	FAI3997250	1	02665	1	3.50	3.50	7451109340116	01	0	0		0			0	12:50:13	
02	FAI3997251	1	04222	4	1.50	6.00		02	0	0		0			0	12:51:19	
02	FAI3997251	2	02392	1	0.95	0.95		02	0	0		0			0	12:51:19	
02	FAI3997251	3	04773	2	1.75	3.50		04	0	0		0			0	12:51:19	
02	FAI3997251	4	04774	1	1.50	1.50		04	0	0		0			0	12:51:19	
02	FAI3997252	1	02094	1	19.50	19.50		01	0	0		0			0	12:53:35	
02	FAI3997252	2	05483	1	1.00	1.00	7441003500235	05	0	0		0			0	12:53:35	
02	FAI3997253	1	04222	1	1.50	1.50		02	0	0		0			0	12:54:20	
02	FAI3997253	2	02422	1	0.75	0.75		02	0	0		0			0	12:54:20	
02	FAI3997253	3	04789	1	1.50	1.50		04	0	0		0			0	12:54:20	
02	FAI3997253	4	04777	1	1.50	1.50		04	0	0		0			0	12:54:20	
02	FAI3997253	5	01394	1	2.50	2.50	000000013130	01	0	0		0			0	12:54:20	
02	FAI3997254	1	02094	1	19.50	19.50		01	0	0		0			0	12:54:58	
02	FAI3997255	1	04777	1	1.50	1.50		04	0	0		0			0	12:55:00	
02	FAI3997255	2	02465	1	0.75	0.75		02	0	0		0			0	12:55:00	
02	FAI3997255	3	02515	1	0.70	0.70		02	0	0		0			0	12:55:00	
02	FAI3997256	1	02422	1	0.75	0.75		02	0	0		0			0	12:55:23	
02	FAI3997257	1	03260	1	9.50	9.50		03	0	0		0			0	12:56:15	
02	FAI3997258	1	01435	3	0.80	2.40		01	0	0		0			0	12:56:17	
02	FAI3997258	2	01343	4	0.85	3.40		01	0	0		0			0	12:56:17	
02	FAI3997258	3	02422	3	0.75	2.25		02	0	0		0			0	12:56:17	
02	FAI3997259	1	02422	1	0.30	0.30		02	0	0		0			0	12:57:10	
02	FAI3997260	1	01757	1	18.95	18.95		01	0	0		0			0	12:59:06	
02	FAI3997261	1	04222	1	1.50	1.50		02	0	0		0			0	13:00:26	
02	FAI3997261	2	04231	1	1.25	1.25		02	0	0		0			0	13:00:26	
02	FAI3997262	1	01342	2	0.60	1.20		01	0	0		0			0	13:00:52	
02	FAI3997262	2	03224	1	8.95	8.95		03	0	0		0			0	13:00:52	
02	FAI3997263	1	04773	1	1.75	1.75		04	0	0		0			0	13:02:36	
02	FAI3997263	2	04222	1	1.50	1.50		02	0	0		0			0	13:02:36	
02	FAI3997263	3	02422	1	0.75	0.75		02	0	0		0			0	13:02:36	
02	FAI3997264	1	02217	1	1.50	1.50		01	0	0		0			0	13:03:54	
02	FAI3997265	1	04222	3	1.50	4.50		02	0	0		0			0	13:06:07	
02	FAI3997265	2	05624	1	1.25	1.25	7451081810287	05	0	0		0			0	13:06:07	
02	FAI3997266	1	01580	1	12.95	12.95		01	0	0		0			0	13:08:57	
02	FAI3997267	1	01580	1	12.95	12.95		01	0	0		0			0	13:09:38	
02	FAI3997268	1	05483	1	1.00	1.00	7441003500235	05	0	0		0			0	13:09:47	
02	FAI3997269	1	04222	2	1.50	3.00		02	0.45	15.00	06	0			0	13:10:28	
02	FAI3997269	2	04774	1	1.50	1.50		04	0.23	15.00	06	0			0	13:10:28	
02	FAI3997270	1	04222	2	1.50	3.00		02	0	0		0			0	13:10:33	
02	FAI3997271	1	01580	1	12.95	12.95		01	0	0		0			0	13:11:59	
02	FAI3997271	2	05507	1	2.75	2.75		05	0	0		0			0	13:11:59	
02	FAI3997272	1	05483	1	1.00	1.00	7441003500235	05	0	0		0			0	13:12:19	
02	FAI3997273	1	01580	1	12.95	12.95		01	0	0		0			0	13:14:59	
02	FAI3997274	1	02515	3	0.70	2.10		02	0	0		0			0	13:15:19	
02	FAI3997274	2	02465	1	0.75	0.75		02	0	0		0			0	13:15:19	
02	FAI3997274	3	02380	1	0.85	0.85		02	0	0		0			0	13:15:19	
02	FAI3997274	4	04777	1	1.50	1.50		04	0	0		0			0	13:15:19	
02	FAI3997275	1	05515	1	1.00	1.00	004313105032	05	0	0		0			0	13:16:18	
02	FAI3997275	2	01435	2	0.80	1.60		01	0	0		0			0	13:16:18	
02	FAI3997275	3	02379	1	0.75	0.75		02	0	0		0			0	13:16:18	
02	FAI3997275	4	01688	2	1.25	2.50		01	0	0		0			0	13:16:18	
02	FAI3997275	5	01691	2	1.25	2.50		01	0	0		0			0	13:16:18	
02	FAI3997275	6	03242	1	1.95	1.95		03	0	0		0			0	13:16:18	
02	FAI3997276	1	02422	2	0.75	1.50		02	0.23	15.00	06	0			0	13:16:32	
02	FAI3997276	2	02515	1	0.70	0.70		02	0.11	15.00	06	0			0	13:16:32	
02	FAI3997276	3	04777	1	1.50	1.50		04	0.23	15.00	06	0			0	13:16:32	
02	FAI3997277	1	01750	1	11.95	11.95		01	0	0		0			0	13:19:13	
02	FAI3997278	1	04780	1	1.55	1.55		05	0	0		0			0	13:19:43	
02	FAI3997278	2	03244	1	1.65	1.65		03	0	0		0			0	13:19:43	
02	FAI3997278	3	01435	1	0.80	0.80		01	0	0		0			0	13:19:43	
02	FAI3997278	4	02422	4	0.75	3.00		02	0	0		0			0	13:19:43	
02	FAI3997278	5	05514	2	1.00	2.00	004313105049	05	0	0		0			0	13:19:43	
02	FAI3997278	6	05516	1	1.00	1.00	004313105056	05	0	0		0			0	13:19:43	
02	FAI3997278	7	03263	1	1.50	1.50		03	0	0		0			0	13:19:43	
02	FAI3997279	1	02665	2	3.50	7.00		01	0	0		0			0	13:21:43	
02	FAI3997280	1	02380	1	0.85	0.85		02	0.13	15.00	06	0			0	13:23:45	
02	FAI3997280	2	02379	1	0.75	0.75		02	0.11	15.00	06	0			0	13:23:45	
02	FAI3997281	1	02465	2	0.75	1.50		02	0	0		0			0	13:26:39	
02	FAI3997281	2	04764	1	1.25	1.25		04	0	0		0			0	13:26:39	
02	FAI3997282	1	03215	1	0.75	0.75		02	0	0		0			0	13:27:27	
02	FAI3997282	2	05073	1	1.15	1.15		05	0	0		0			0	13:27:27	
02	FAI3997283	1	01394	2	2.50	5.00	000000013130	01	0	0		0			0	13:28:00	
02	FAI3997283	2	03244	2	1.65	3.30		03	0	0		0			0	13:28:00	
02	FAI3997284	1	01435	1	0.80	0.80		01	0.12	15.00	06	0			0	13:31:45	
02	FAI3997284	2	02383	1	0.95	0.95		02	0.14	15.00	06	0			0	13:31:45	
02	FAI3997284	3	04774	1	1.50	1.50		04	0.23	15.00	06	0			0	13:31:45	
02	FAI3997285	1	04774	1	1.50	1.50		04	0	0		0			0	13:31:57	
02	FAI3997285	2	02383	1	0.95	0.95		02	0	0		0			0	13:31:57	
02	FAI3997285	3	01435	1	0.80	0.80		01	0	0		0			0	13:31:57	
02	FAI3997286	1	01580	1	12.95	12.95		01	0	0		0			0	13:35:59	
02	FAI3997287	1	04222	2	1.50	3.00		02	0	0		0			0	13:42:24	
02	FAI3997287	2	03215	3	0.75	2.25		02	0	0		0			0	13:42:24	
02	FAI3997287	3	01342	2	0.60	1.20		01	0	0		0			0	13:42:24	
02	FAI3997287	4	04766	2	1.25	2.50		04	0	0		0			0	13:42:24	
02	FAI3997287	5	04764	3	1.25	3.75		04	0	0		0			0	13:42:24	
02	FAI3997288	1	04789	1	1.50	1.50		04	0	0		0			0	13:44:17	
02	FAI3997288	2	04222	1	1.50	1.50		02	0	0		0			0	13:44:17	
02	FAI3997288	3	04231	1	1.25	1.25		02	0	0		0			0	13:44:17	
02	FAI3997288	4	03244	1	1.65	1.65		03	0	0		0			0	13:44:17	
02	FAI3997289	1	04222	1	1.50	1.50		02	0	0		0			0	13:45:40	
02	FAI3997290	1	02665	1	3.50	3.50		01	0	0		0			0	13:46:50	
02	FAI3997290	2	02392	3	0.95	2.85		02	0	0		0			0	13:46:50	
02	FAI3997291	1	02379	1	0.75	0.75		02	0	0		0			0	13:47:27	
02	FAI3997292	1	04773	1	1.75	1.75		04	0	0		0			0	13:47:37	
02	FAI3997292	2	02422	2	0.75	1.50		02	0	0		0			0	13:47:37	
02	FAI3997293	1	04222	1	1.50	1.50		02	0	0		0			0	13:49:24	
02	FAI3997293	2	03215	1	0.75	0.75		02	0	0		0			0	13:49:24	
02	FAI3997293	3	02515	1	0.70	0.70		02	0	0		0			0	13:49:24	
02	FAI3997293	4	04766	1	1.25	1.25		04	0	0		0			0	13:49:24	
02	FAI3997293	5	01688	1	1.25	1.25		01	0	0		0			0	13:49:24	
02	FAI3997294	1	03242	2	1.95	3.90		03	0	0		0			0	13:52:45	
02	FAI3997294	2	03224	1	8.95	8.95		03	0	0		0			0	13:52:45	
02	FAI3997295	1	01394	1	2.50	2.50	000000013130	01	0	0		0			0	13:53:41	
02	FAI3997295	2	03264	1	1.95	1.95		03	0	0		0			0	13:53:41	
02	FAI3997295	3	04774	1	1.50	1.50		04	0	0		0			0	13:53:41	
02	FAI3997295	4	04222	1	1.50	1.50		02	0	0		0			0	13:53:41	
02	FAI3997295	5	02515	1	0.70	0.70		02	0	0		0			0	13:53:41	
02	FAI3997296	1	01434	1	0.80	0.80		01	0	0		0			0	13:54:05	
02	FAI3997297	1	02217	2	1.50	3.00		01	0	0		0			0	13:54:26	
02	FAI3997297	2	01434	1	0.80	0.80		01	0	0		0			0	13:54:26	
02	FAI3997297	3	02188	1	1.25	1.25		01	0	0		0			0	13:54:26	
02	FAI3997297	4	01435	1	0.80	0.80		01	0	0		0			0	13:54:26	
02	FAI3997297	5	01658	1	0.95	0.95		01	0	0		0			0	13:54:26	
02	FAI3997297	6	02422	2	0.75	1.50		02	0	0		0			0	13:54:26	
02	FAI3997297	7	04231	2	1.25	2.50		02	0	0		0			0	13:54:26	
02	FAI3997298	1	01580	1	12.95	12.95		01	0	0		0			0	13:55:17	
02	FAI3997298	2	05650	1	2.50	2.50		05	0	0		0			0	13:55:17	
02	FAI3997299	1	03260	1	9.50	9.50		03	0	0		0			0	13:55:36	
02	FAI3997300	1	03215	1	0.75	0.75		02	0	0		0			0	13:56:48	
02	FAI3997300	2	02515	3	0.70	2.10		02	0	0		0			0	13:56:48	
02	FAI3997300	3	04774	2	1.50	3.00		04	0	0		0			0	13:56:48	
02	FAI3997301	1	01580	1	12.95	12.95		01	0	0		0			0	13:57:51	
02	FAI3997301	2	02387	1	1.25	1.25		02	0	0		0			0	13:57:51	
02	FAI3997301	3	02465	1	0.75	0.75		02	0	0		0			0	13:57:51	
02	FAI3997302	1	04774	1	1.50	1.50		04	0	0		0			0	13:57:59	
02	FAI3997303	1	04774	2	1.50	3.00		04	0	0		0			0	14:01:29	
02	FAI3997303	2	02422	4	0.75	3.00		02	0	0		0			0	14:01:29	
02	FAI3997303	3	04231	1	1.25	1.25		02	0	0		0			0	14:01:29	
02	FAI3997303	4	04222	1	1.50	1.50		02	0	0		0			0	14:01:29	
02	FAI3997304	1	02422	3	0.75	2.25		02	0.34	15.00	06	0			0	14:01:46	
02	FAI3997305	1	01343	8	0.85	6.80		01	0	0		0			0	14:03:31	
02	FAI3997305	2	01434	2	0.80	1.60		01	0	0		0			0	14:03:31	
02	FAI3997305	3	02465	2	0.75	1.50		02	0	0		0			0	14:03:31	
02	FAI3997305	4	04764	1	1.25	1.25		04	0	0		0			0	14:03:31	
02	FAI3997306	1	04774	2	1.50	3.00		04	0	0		0			0	14:05:32	
02	FAI3997306	2	04222	2	1.50	3.00		02	0	0		0			0	14:05:32	
02	FAI3997306	3	03242	1	1.95	1.95		03	0	0		0			0	14:05:32	
02	FAI3997306	4	02383	2	0.95	1.90		02	0	0		0			0	14:05:32	
02	FAI3997307	1	02255	1	12.95	12.95		01	0	0		0			0	14:06:07	
02	FAI3997308	1	05600	1	1.00	1.00	900000000000005600	05	0	0		0.07			0	14:07:11	
02	FAI3997309	1	04222	5	1.50	7.50		02	0	0		0			0	14:09:24	
02	FAI3997309	2	03224	1	8.95	8.95		03	0	0		0			0	14:09:24	
02	FAI3997310	1	04763	1	1.50	1.50		04	0	0		0			0	14:10:42	
02	FAI3997310	2	04222	1	1.50	1.50		02	0	0		0			0	14:10:42	
02	FAI3997310	3	04231	1	1.25	1.25		02	0	0		0			0	14:10:42	
02	FAI3997310	4	02465	1	0.75	0.75		02	0	0		0			0	14:10:42	
02	FAI3997311	1	04777	1	1.50	1.50		04	0	0		0			0	14:10:44	
02	FAI3997311	2	04222	2	1.50	3.00		02	0	0		0			0	14:10:44	
02	FAI3997312	1	04763	1	1.50	1.50		04	0	0		0			0	14:12:32	
02	FAI3997312	2	04231	1	1.25	1.25		02	0	0		0			0	14:12:32	
02	FAI3997313	1	04222	2	1.50	3.00		02	0	0		0			0	14:14:01	
02	FAI3997313	2	05483	2	1.00	2.00	7441003500235	05	0	0		0			0	14:14:01	
02	FAI3997314	1	04763	1	1.50	1.50		04	0	0		0			0	14:17:24	
02	FAI3997314	2	04222	1	1.50	1.50		02	0	0		0			0	14:17:24	
02	FAI3997314	3	02380	2	0.85	1.70		02	0	0		0			0	14:17:24	
02	FAI3997314	4	02379	2	0.75	1.50		02	0	0		0			0	14:17:24	
02	FAI3997314	5	01434	4	0.80	3.20		01	0	0		0			0	14:17:24	
02	FAI3997314	6	01343	6	0.85	5.10		01	0	0		0			0	14:17:24	
02	FAI3997315	1	04763	1	1.50	1.50		04	0	0		0			0	14:19:21	
02	FAI3997315	2	02465	1	0.75	0.75		02	0	0		0			0	14:19:21	
02	FAI3997315	3	02422	1	0.75	0.75		02	0	0		0			0	14:19:21	
02	FAI3997316	1	03215	1	0.75	0.75		02	0	0		0			0	14:20:27	
02	FAI3997317	1	02422	3	0.75	2.25		02	0	0		0			0	14:20:37	
02	FAI3997317	2	04763	1	1.50	1.50		04	0	0		0			0	14:20:37	
02	FAI3997317	3	01580	1	12.95	12.95		01	0	0		0			0	14:20:37	
02	FAI3997318	1	01580	1	12.95	12.95		01	0	0		0			0	14:23:20	
02	FAI3997318	2	05650	1	2.50	2.50		05	0	0		0			0	14:23:20	
02	FAI3997319	1	04222	6	1.50	9.00		02	0	0		0			0	14:24:10	
02	FAI3997319	2	02465	2	0.75	1.50		02	0	0		0			0	14:24:10	
02	FAI3997319	3	02515	2	0.70	1.40		02	0	0		0			0	14:24:10	
02	FAI3997319	4	04773	1	1.75	1.75		04	0	0		0			0	14:24:10	
02	FAI3997320	1	01580	1	12.95	12.95		01	0	0		0			0	14:27:52	
02	FAI3997320	2	02380	1	0.85	0.85		02	0	0		0			0	14:27:52	
02	FAI3997321	1	02255	1	12.95	12.95		01	0	0		0			0	14:28:11	
02	FAI3997322	1	04152	1	19.95	19.95		01	0	0		0			0	14:28:28	
02	FAI3997323	1	04222	4	1.50	6.00		02	0	0		0			0	14:29:14	
02	FAI3997323	2	04773	1	1.75	1.75		04	0	0		0			0	14:29:14	
02	FAI3997323	3	04774	1	1.50	1.50		04	0	0		0			0	14:29:14	
02	FAI3997324	1	02383	2	0.95	1.90		02	0	0		0			0	14:30:40	
02	FAI3997324	2	02392	1	0.95	0.95		02	0	0		0			0	14:30:40	
02	FAI3997325	1	05501	1	1.00	1.00	7441003518230	05	0	0		0			0	14:31:29	
02	FAI3997325	2	04222	2	1.50	3.00		02	0	0		0			0	14:31:29	
02	FAI3997326	1	04222	1	1.50	1.50		02	0	0		0			0	14:31:39	
02	FAI3997326	2	02383	1	0.95	0.95		02	0	0		0			0	14:31:39	
02	FAI3997326	3	05483	1	1.00	1.00	7441003500235	05	0	0		0			0	14:31:39	
02	FAI3997327	1	04222	2	1.50	3.00		02	0	0		0			0	14:32:22	
02	FAI3997327	2	05483	1	1.00	1.00	7441003500235	05	0	0		0			0	14:32:22	
02	FAI3997328	1	04783	2	1.55	3.10		05	0	0		0			0	14:32:49	
02	FAI3997329	1	04442	1	14.95	14.95		04	0	0		0			0	14:33:54	
02	FAI3997329	2	02094	1	19.50	19.50		01	0	0		0			0	14:33:54	
02	FAI3997329	3	05600	1	1.00	1.00	900000000000005600	05	0	0		0.07			0	14:33:54	
02	FAI3997330	1	04222	1	1.50	1.50		02	0	0		0			0	14:35:32	
02	FAI3997330	2	02422	1	0.75	0.75		02	0	0		0			0	14:35:32	
02	FAI3997330	3	03224	1	8.95	8.95		03	0	0		0			0	14:35:32	
02	FAI3997330	4	03263	1	1.50	1.50		03	0	0		0			0	14:35:32	
02	FAI3997330	5	04777	1	1.50	1.50		04	0	0		0			0	14:35:32	
02	FAI3997331	1	02379	1	0.75	0.75		02	0	0		0			0	14:35:53	
02	FAI3997332	1	01757	1	18.95	18.95		01	0	0		0			0	14:39:03	
02	FAI3997333	1	04789	1	1.50	1.50		04	0	0		0			0	14:46:22	
02	FAI3997333	2	01580	1	12.95	12.95		01	0	0		0			0	14:46:22	
02	FAI3997334	1	03242	1	1.15	1.15		03	0	0		0			0	14:46:43	
02	FAI3997334	2	03215	2	0.75	1.50		02	0	0		0			0	14:46:43	
02	FAI3997335	1	02392	2	0.95	1.90		02	0	0		0			0	14:47:00	
02	FAI3997335	2	01343	2	0.85	1.70		01	0	0		0			0	14:47:00	
02	FAI3997335	3	04231	1	1.25	1.25		02	0	0		0			0	14:47:00	
02	FAI3997336	1	02205	1	15.95	15.95		01	0	0		0			0	14:47:20	
02	FAI3997337	1	02422	3	0.75	2.25		02	0	0		0			0	14:48:15	
02	FAI3997337	2	04773	1	1.75	1.75		04	0	0		0			0	14:48:15	
02	FAI3997337	3	05600	1	1.00	1.00	900000000000005600	05	0	0		0.07			0	14:48:15	
02	FAI3997338	1	01343	2	0.85	1.70		01	0	0		0			0	14:48:24	
02	FAI3997339	1	04780	1	1.55	1.55		05	0	0		0			0	14:49:07	
02	FAI3997339	2	02392	1	0.95	0.95		02	0	0		0			0	14:49:07	
02	FAI3997340	1	04763	2	1.50	3.00		04	0	0		0			0	14:50:24	
02	FAI3997340	2	01580	1	12.95	12.95		01	0	0		0			0	14:50:24	
02	FAI3997340	3	03215	2	0.75	1.50		02	0	0		0			0	14:50:24	
02	FAI3997340	4	02515	1	0.70	0.70		02	0	0		0			0	14:50:24	
02	FAI3997340	5	01342	2	0.60	1.20		01	0	0		0			0	14:50:24	
02	FAI3997341	1	05060	2	1.10	2.20	7451011040043	05	0	0		0			0	14:51:17	
02	FAI3997341	2	05624	1	1.25	1.25	7451081810287	05	0	0		0			0	14:51:17	
02	FAI3997341	3	05605	2	1.00	2.00	900000000000005605	05	0	0		0.14			0	14:51:17	
02	FAI3997341	4	02094	1	19.50	19.50		01	0	0		0			0	14:51:17	
02	FAI3997342	1	04152	1	19.95	19.95		01	0	0		0			0	14:52:26	
02	FAI3997342	2	01658	4	0.95	3.80		01	0	0		0			0	14:52:26	
02	FAI3997343	1	02392	1	0.95	0.95		02	0	0		0			0	14:53:30	
02	FAI3997344	1	02422	4	0.75	3.00		02	0.45	15.00	06	0			0	14:53:50	
02	FAI3997345	1	03244	1	1.65	1.65		03	0	0		0			0	14:55:55	
02	FAI3997346	1	01343	3	0.85	2.55		01	0	0		0			0	14:56:18	
02	FAI3997347	1	02255	1	12.95	12.95		01	0	0		0			0	14:58:07	
02	FAI3997347	2	05607	1	1.00	1.00	900000000000005607	05	0	0		0.07			0	14:58:07	
02	FAI3997347	3	05613	1	1.00	1.00	900000000000005613	05	0	0		0.07			0	14:58:07	
02	FAI3997347	4	04763	1	1.50	1.50		04	0	0		0			0	14:58:07	
02	FAI3997348	1	02255	1	12.95	12.95		01	0	0		0			0	14:59:05	
02	FAI3997348	2	05600	1	1.00	1.00	900000000000005600	05	0	0		0.07			0	14:59:05	
02	FAI3997349	1	02515	4	0.70	2.80		02	0	0		0			0	14:59:09	
02	FAI3997349	2	04773	1	1.75	1.75		04	0	0		0			0	14:59:09	
02	FAI3997350	1	02205	1	15.95	15.95		01	0	0		0			0	15:00:55	
02	FAI3997351	1	03215	2	0.75	1.50		02	0	0		0			0	15:01:32	
02	FAI3997351	2	02465	2	0.75	1.50		02	0	0		0			0	15:01:32	
02	FAI3997351	3	01343	6	0.85	5.10		01	0	0		0			0	15:01:32	
02	FAI3997352	1	04152	1	19.95	19.95		01	0	0		0			0	15:03:13	
02	FAI3997352	2	03260	1	9.50	9.50		03	0	0		0			0	15:03:13	
02	FAI3997352	3	05604	1	1.00	1.00	900000000000005604	05	0	0		0.07			0	15:03:13	
02	FAI3997352	4	05605	1	1.00	1.00	900000000000005605	05	0	0		0.07			0	15:03:13	
02	FAI3997353	1	04777	1	1.50	1.50		04	0	0		0			0	15:06:36	
02	FAI3997353	2	02422	1	0.75	0.75		02	0	0		0			0	15:06:36	
02	FAI3997354	1	03242	1	1.95	1.95		03	0	0		0			0	15:07:28	
02	FAI3997355	1	04152	1	19.95	19.95		01	0	0		0			0	15:09:03	
02	FAI3997356	1	04222	1	1.50	1.50		02	0	0		0			0	15:10:15	
02	FAI3997356	2	02422	1	0.75	0.75		02	0	0		0			0	15:10:15	
02	FAI3997357	1	05656	1	7.50	7.50	7451108500108	05	0	0		0			0	15:11:11	
02	FAI3997358	1	03260	1	8.55	8.55		03	0	0		0			0	15:13:37	
02	FAI3997358	2	02136	1	4.50	4.50		01	0	0		0			0	15:13:37	
02	FAI3997358	3	03264	1	1.95	1.95		03	0	0		0			0	15:13:37	
02	FAI3997359	1	02422	3	0.75	2.25		02	0	0		0			0	15:13:53	
02	FAI3997360	1	01694	4	1.25	5.00		01	0	0		0			0	15:16:15	
02	FAI3997360	2	01695	4	1.25	5.00		01	0	0		0			0	15:16:15	
02	FAI3997361	1	03242	1	1.95	1.95		03	0	0		0			0	15:17:21	
02	FAI3997362	1	04763	1	1.50	1.50		04	0.23	15.00	06	0			0	15:17:35	
02	FAI3997362	2	04766	1	1.25	1.25		04	0.19	15.00	06	0			0	15:17:35	
02	FAI3997362	3	04222	2	1.50	3.00		02	0.45	15.00	06	0			0	15:17:35	
02	FAI3997362	4	02422	6	0.75	4.50		02	0.68	15.00	06	0			0	15:17:35	
02	FAI3997363	1	01434	1	0.80	0.80		01	0	0		0			0	15:18:03	
02	FAI3997363	2	04763	1	1.50	1.50		04	0	0		0			0	15:18:03	
02	FAI3997364	1	03215	2	0.75	1.50		02	0	0		0			0	15:18:06	
02	FAI3997364	2	02465	1	0.75	0.75		02	0	0		0			0	15:18:06	
02	FAI3997364	3	02422	1	0.75	0.75		02	0	0		0			0	15:18:06	
02	FAI3997364	4	01343	1	0.85	0.85		01	0	0		0			0	15:18:06	
02	FAI3997364	5	02392	1	0.95	0.95		02	0	0		0			0	15:18:06	
02	FAI3997364	6	04777	1	1.50	1.50		04	0	0		0			0	15:18:06	
02	FAI3997365	1	05502	1	1.00	1.00	004313106091	05	0	0		0			0	15:18:33	
02	FAI3997366	1	03242	1	1.95	1.95		03	0	0		0			0	15:19:24	
02	FAI3997367	1	04222	2	1.50	3.00		02	0	0		0			0	15:21:39	
02	FAI3997367	2	04763	2	1.50	3.00		04	0	0		0			0	15:21:39	
02	FAI3997367	3	01435	2	0.80	1.60		01	0	0		0			0	15:21:39	
02	FAI3997368	1	01580	1	12.95	12.95		01	0	0		0			0	15:22:24	
02	FAI3997368	2	02422	1	0.75	0.75		02	0	0		0			0	15:22:24	
02	FAI3997368	3	05606	1	1.00	1.00	900000000000005606	05	0	0		0.07			0	15:22:24	
02	FAI3997368	4	05613	1	1.00	1.00	900000000000005613	05	0	0		0.07			0	15:22:24	
02	FAI3997369	1	04231	2	1.25	2.50		02	0	0		0			0	15:24:07	
02	FAI3997369	2	04777	1	1.50	1.50		04	0	0		0			0	15:24:07	
02	FAI3997370	1	03242	1	1.95	1.95		03	0	0		0			0	15:24:15	
02	FAI3997371	1	05483	1	1.00	1.00	7441003500235	05	0	0		0			0	15:25:43	
02	FAI3997372	1	01580	1	12.95	12.95		01	0	0		0			0	15:26:11	
02	FAI3997372	2	04222	3	1.50	4.50		02	0	0		0			0	15:26:11	
02	FAI3997372	3	04231	1	1.25	1.25		02	0	0		0			0	15:26:11	
02	FAI3997372	4	02379	1	0.75	0.75		02	0	0		0			0	15:26:11	
02	FAI3997372	5	02380	1	0.85	0.85		02	0	0		0			0	15:26:11	
02	FAI3997373	1	04442	1	14.95	14.95		04	0	0		0			0	15:27:25	
02	FAI3997373	2	03260	1	9.50	9.50		03	0	0		0			0	15:27:25	
02	FAI3997373	3	03242	2	1.95	3.90		03	0	0		0			0	15:27:25	
02	FAI3997373	4	01343	1	0.85	0.85		01	0	0		0			0	15:27:25	
02	FAI3997373	5	02188	1	1.25	1.25		01	0	0		0			0	15:27:25	
02	FAI3997373	6	01434	1	0.80	0.80		01	0	0		0			0	15:27:25	
02	FAI3997373	7	04231	1	1.25	1.25		02	0	0		0			0	15:27:25	
02	FAI3997374	1	04222	2	1.50	3.00		02	0	0		0			0	15:28:47	
02	FAI3997374	2	02422	3	0.75	2.25		02	0	0		0			0	15:28:47	
02	FAI3997374	3	03244	1	1.65	1.65		03	0	0		0			0	15:28:47	
02	FAI3997375	1	04222	1	1.50	1.50		02	0.23	15.00	06	0			0	15:29:02	
02	FAI3997375	2	02422	2	0.75	1.50		02	0.23	15.00	06	0			0	15:29:02	
02	FAI3997376	1	01342	45	0.60	27.00		01	0	0		0			0	15:31:19	
02	FAI3997377	1	04777	2	1.50	3.00		04	0	0		0			0	15:31:58	
02	FAI3997377	2	02379	3	0.75	2.25		02	0	0		0			0	15:31:58	
02	FAI3997377	3	02422	3	0.75	2.25		02	0	0		0			0	15:31:58	
02	FAI3997377	4	02465	2	0.75	1.50		02	0	0		0			0	15:31:58	
02	FAI3997378	1	04763	1	1.50	1.50		04	0	0		0			0	15:32:41	
02	FAI3997378	2	01580	1	12.95	12.95		01	0	0		0			0	15:32:41	
02	FAI3997378	3	03263	1	1.50	1.50		03	0	0		0			0	15:32:41	
02	FAI3997379	1	03244	2	1.65	3.30		03	0	0		0			0	15:34:29	
02	FAI3997380	1	04773	2	1.75	3.50		04	0	0		0			0	15:38:37	
02	FAI3997380	2	02392	3	0.95	2.85		02	0	0		0			0	15:38:37	
02	FAI3997380	3	02379	3	0.75	2.25		02	0	0		0			0	15:38:37	
02	FAI3997380	4	02422	2	0.75	1.50		02	0	0		0			0	15:38:37	
02	FAI3997380	5	03244	1	1.65	1.65		03	0	0		0			0	15:38:37	
02	FAI3997380	6	01394	2	2.50	5.00	000000013130	01	0	0		0			0	15:38:37	
02	FAI3997381	1	02380	3	0.85	2.55		02	0	0		0			0	15:39:17	
02	FAI3997381	2	02383	3	0.95	2.85		02	0	0		0			0	15:39:17	
02	FAI3997381	3	02379	1	0.75	0.75		02	0	0		0			0	15:39:17	
02	FAI3997381	4	02422	2	0.75	1.50		02	0	0		0			0	15:39:17	
02	FAI3997381	5	04763	1	1.50	1.50		04	0	0		0			0	15:39:17	
02	FAI3997382	1	03242	1	1.95	1.95		03	0	0		0			0	15:39:41	
02	FAI3997382	2	03244	1	1.65	1.65		03	0	0		0			0	15:39:41	
02	FAI3997383	1	01434	2	0.80	1.60		01	0	0		0			0	15:39:51	
02	FAI3997383	2	01343	1	0.85	0.85		01	0	0		0			0	15:39:51	
02	FAI3997383	3	03242	2	1.95	3.90		03	0	0		0			0	15:39:51	
02	FAI3997384	1	01434	1	0.80	0.80		01	0	0		0			0	15:43:56	
02	FAI3997384	2	01343	2	0.85	1.70		01	0	0		0			0	15:43:56	
02	FAI3997384	3	02217	1	1.50	1.50		01	0	0		0			0	15:43:56	
02	FAI3997384	4	02379	1	0.75	0.75		02	0	0		0			0	15:43:56	
02	FAI3997384	5	01658	1	0.95	0.95		01	0	0		0			0	15:43:56	
02	FAI3997384	6	05073	2	1.15	2.30		05	0	0		0			0	15:43:56	
02	FAI3997385	1	03242	2	1.95	3.90		03	0	0		0			0	15:44:05	
02	FAI3997386	1	01580	1	12.95	12.95		01	0	0		0			0	15:45:20	
02	FAI3997386	2	03242	1	1.95	1.95		03	0	0		0			0	15:45:20	
02	FAI3997386	3	02383	6	0.95	5.70		02	0	0		0			0	15:45:20	
02	FAI3997386	4	02380	5	0.85	4.25		02	0	0		0			0	15:45:20	
02	FAI3997386	5	02379	1	0.75	0.75		02	0	0		0			0	15:45:20	
02	FAI3997387	1	01757	1	18.95	18.95		01	0	0		0			0	15:46:33	
02	FAI3997387	2	05600	1	1.00	1.00	900000000000005600	05	0	0		0.07			0	15:46:33	
02	FAI3997388	1	01343	1	0.85	0.85		01	0	0		0			0	15:47:31	
02	FAI3997388	2	04848	1	1.15	1.15		05	0	0		0			0	15:47:31	
02	FAI3997389	1	01580	1	12.95	12.95		01	0	0		0			0	15:47:57	
02	FAI3997389	2	05650	1	2.50	2.50		05	0	0		0			0	15:47:57	
02	FAI3997390	1	04785	1	1.55	1.55		05	0	0		0			0	15:49:07	
02	FAI3997391	1	02255	1	12.95	12.95		01	0	0		0			0	15:51:57	
02	FAI3997392	1	02188	2	1.25	2.50		01	0	0		0			0	15:52:53	
02	FAI3997392	2	01434	2	0.80	1.60		01	0	0		0			0	15:52:53	
02	FAI3997392	3	01435	3	0.80	2.40		01	0	0		0			0	15:52:53	
02	FAI3997392	4	01343	7	0.85	5.95		01	0	0		0			0	15:52:53	
02	FAI3997393	1	03242	1	1.95	1.95		03	0	0		0			0	15:53:28	
02	FAI3997394	1	02094	1	19.50	19.50		01	0	0		0			0	15:54:11	
02	FAI3997394	2	05606	1	1.00	1.00	900000000000005606	05	0	0		0.07			0	15:54:11	
02	FAI3997394	3	05613	1	1.00	1.00	900000000000005613	05	0	0		0.07			0	15:54:11	
02	FAI3997395	1	01343	1	0.85	0.85		01	0	0		0			0	15:55:31	
02	FAI3997395	2	02384	1	0.95	0.95		02	0	0		0			0	15:55:31	
02	FAI3997395	3	03215	1	0.75	0.75		02	0	0		0			0	15:55:31	
02	FAI3997395	4	03242	1	1.95	1.95		03	0	0		0			0	15:55:31	
02	FAI3997396	1	04222	1	1.50	1.50		02	0	0		0			0	15:56:03	
02	FAI3997397	1	03242	1	1.95	1.95		03	0	0		0			0	15:57:38	
02	FAI3997397	2	02422	4	0.75	3.00		02	0	0		0			0	15:57:38	
02	FAI3997397	3	02465	4	0.75	3.00		02	0	0		0			0	15:57:38	
02	FAI3997397	4	02379	2	0.75	1.50		02	0	0		0			0	15:57:38	
02	FAI3997397	5	04777	2	1.50	3.00		04	0	0		0			0	15:57:38	
02	FAI3997398	1	01580	1	12.95	12.95		01	0	0		0			0	15:58:47	
02	FAI3997398	2	05650	1	2.50	2.50		05	0	0		0			0	15:58:47	
02	FAI3997399	1	04222	2	1.50	3.00		02	0	0		0			0	15:59:20	
02	FAI3997399	2	03242	1	1.95	1.95		03	0	0		0			0	15:59:20	
02	FAI3997400	1	04231	1	1.25	1.25		02	0	0		0			0	16:02:28	
02	FAI3997400	2	02465	1	0.75	0.75		02	0	0		0			0	16:02:28	
02	FAI3997400	3	02422	1	0.75	0.75		02	0	0		0			0	16:02:28	
02	FAI3997400	4	02515	1	0.70	0.70		02	0	0		0			0	16:02:28	
02	FAI3997400	5	01435	2	0.80	1.60		01	0	0		0			0	16:02:28	
02	FAI3997400	6	02188	1	1.25	1.25		01	0	0		0			0	16:02:28	
02	FAI3997401	1	02392	1	0.95	0.95		02	0	0		0			0	16:03:32	
02	FAI3997401	2	02422	2	0.75	1.50		02	0	0		0			0	16:03:32	
02	FAI3997401	3	03215	1	0.75	0.75		02	0	0		0			0	16:03:32	
02	FAI3997401	4	01695	1	1.25	1.25		01	0	0		0			0	16:03:32	
02	FAI3997401	5	01688	1	1.25	1.25		01	0	0		0			0	16:03:32	
02	FAI3997401	6	03242	1	1.95	1.95		03	0	0		0			0	16:03:32	
02	FAI3997402	1	03242	2	1.95	3.90		03	0	0		0			0	16:04:13	
02	FAI3997403	1	04774	1	1.50	1.50		04	0	0		0			0	16:04:21	
02	FAI3997404	1	02515	5	0.70	3.50		02	0	0		0			0	16:04:40	
02	FAI3997405	1	01692	1	1.25	1.25		01	0	0		0			0	16:05:56	
02	FAI3997405	2	01691	2	1.25	2.50		01	0	0		0			0	16:05:56	
02	FAI3997405	3	02217	1	1.50	1.50		01	0	0		0			0	16:05:56	
02	FAI3997405	4	01343	1	0.85	0.85		01	0	0		0			0	16:05:56	
02	FAI3997406	1	04774	1	1.50	1.50		04	0	0		0			0	16:07:47	
02	FAI3997406	2	02422	8	0.75	6.00		02	0	0		0			0	16:07:47	
02	FAI3997406	3	03215	6	0.75	4.50		02	0	0		0			0	16:07:47	
02	FAI3997407	1	04931	2	4.50	9.00		05	0	0		0			0	16:08:52	
02	FAI3997407	2	03242	1	1.95	1.95		03	0	0		0			0	16:08:52	
02	FAI3997407	3	02392	4	0.95	3.80		02	0	0		0			0	16:08:52	
02	FAI3997407	4	02384	4	0.95	3.80		02	0	0		0			0	16:08:52	
02	FAI3997408	1	01434	1	0.80	0.80		01	0	0		0			0	16:09:26	
02	FAI3997408	2	02188	1	1.25	1.25		01	0	0		0			0	16:09:26	
02	FAI3997409	1	02255	1	12.95	12.95		01	0	0		0			0	16:10:47	
02	FAI3997410	1	02255	1	12.95	12.95		01	0	0		0			0	16:11:56	
02	FAI3997410	2	03242	2	1.95	3.90		03	0	0		0			0	16:11:56	
02	FAI3997410	3	03215	2	0.75	1.50		02	0	0		0			0	16:11:56	
02	FAI3997411	1	04152	1	19.95	19.95		01	0	0		0			0	16:13:15	
02	FAI3997411	2	02422	1	0.75	0.75		02	0	0		0			0	16:13:15	
02	FAI3997412	1	03215	2	0.75	1.50		02	0	0		0			0	16:16:30	
02	FAI3997412	2	03242	1	1.95	1.95		03	0	0		0			0	16:16:30	
02	FAI3997413	1	03242	1	1.95	1.95		03	0	0		0			0	16:17:06	
02	FAI3997414	1	01750	1	11.95	11.95		01	0	0		0			0	16:18:29	
02	FAI3997415	1	01394	3	2.50	7.50	000000013130	01	0	0		0			0	16:18:51	
02	FAI3997416	1	03242	1	1.95	1.95		03	0	0		0			0	16:19:22	
02	FAI3997417	1	02255	1	12.95	12.95		01	0	0		0			0	16:21:19	
02	FAI3997418	1	04931	1	4.50	4.50		05	0	0		0			0	16:21:57	
02	FAI3997419	1	02383	1	0.95	0.95		02	0	0		0			0	16:22:37	
02	FAI3997420	1	02255	1	12.95	12.95		01	0	0		0			0	16:23:01	
02	FAI3997420	2	05644	1	1.25	1.25	7450030448182	05	0	0		0.09			0	16:23:01	
02	FAI3997420	3	04222	1	1.50	1.50		02	0	0		0			0	16:23:01	
02	FAI3997421	1	02465	1	0.75	0.75		02	0.11	15.00	06	0			0	16:24:37	
02	FAI3997421	2	02422	2	0.75	1.50		02	0.23	15.00	06	0			0	16:24:37	
02	FAI3997421	3	02392	1	0.95	0.95		02	0.14	15.00	06	0			0	16:24:37	
02	FAI3997421	4	02515	1	0.70	0.70		02	0.11	15.00	06	0			0	16:24:37	
02	FAI3997421	5	04763	2	1.50	3.00		04	0.45	15.00	06	0			0	16:24:37	
02	FAI3997422	1	04152	1	19.95	19.95		01	0	0		0			0	16:28:01	
02	FAI3997422	2	01757	1	18.95	18.95		01	0	0		0			0	16:28:01	
02	FAI3997423	1	02188	3	1.25	3.75		01	0	0		0			0	16:29:10	
02	FAI3997423	2	04777	1	1.50	1.50		04	0	0		0			0	16:29:10	
02	FAI3997424	1	02392	6	0.95	5.70		02	0	0		0			0	16:30:09	
02	FAI3997424	2	02422	3	0.75	2.25		02	0	0		0			0	16:30:09	
02	FAI3997424	3	03215	4	0.75	3.00		02	0	0		0			0	16:30:09	
02	FAI3997424	4	04773	2	1.75	3.50		04	0	0		0			0	16:30:09	
02	FAI3997425	1	05483	2	1.00	2.00	7441003500235	05	0	0		0			0	16:31:31	
02	FAI3997425	2	02422	4	0.75	3.00		02	0	0		0			0	16:31:31	
02	FAI3997425	3	02094	1	19.50	19.50		01	0	0		0			0	16:31:31	
02	FAI3997426	1	02422	2	0.75	1.50		02	0	0		0			0	16:33:52	
02	FAI3997426	2	03242	1	1.95	1.95		03	0	0		0			0	16:33:52	
02	FAI3997426	3	01343	4	0.85	3.40		01	0	0		0			0	16:33:52	
02	FAI3997427	1	03241	1	0.95	0.95		03	0	0		0			0	16:34:31	
02	FAI3997427	2	03260	1	9.50	9.50		03	0	0		0			0	16:34:31	
02	FAI3997428	1	03242	2	1.15	2.30		03	0	0		0			0	16:35:19	
02	FAI3997429	1	03242	2	1.15	2.30		03	0	0		0			0	16:36:04	
02	FAI3997430	1	05644	1	1.25	1.25	7450030448182	05	0	0		0.09			0	16:36:37	
02	FAI3997431	1	04222	2	1.50	3.00		02	0	0		0			0	16:36:53	
02	FAI3997431	2	04786	1	1.25	1.25		05	0	0		0			0	16:36:53	
02	FAI3997432	1	03242	1	1.15	1.15		03	0	0		0			0	16:37:15	
02	FAI3997433	1	04774	1	1.50	1.50		04	0	0		0			0	16:37:33	
02	FAI3997433	2	04222	1	1.50	1.50		02	0	0		0			0	16:37:33	
02	FAI3997434	1	01435	2	0.80	1.60		01	0	0		0			0	16:39:04	
02	FAI3997434	2	01434	1	0.80	0.80		01	0	0		0			0	16:39:04	
02	FAI3997434	3	01688	1	1.25	1.25		01	0	0		0			0	16:39:04	
02	FAI3997434	4	01692	1	1.25	1.25		01	0	0		0			0	16:39:04	
02	FAI3997435	1	04532	1	2.75	2.75	000000045162	01	0	0		0			0	16:39:56	
02	FAI3997435	2	03242	1	1.95	1.95		03	0	0		0			0	16:39:56	
02	FAI3997435	3	02392	1	0.95	0.95		02	0	0		0			0	16:39:56	
02	FAI3997435	4	02379	1	0.75	0.75		02	0	0		0			0	16:39:56	
02	FAI3997435	5	02383	1	0.95	0.95		02	0	0		0			0	16:39:56	
02	FAI3997436	1	03263	3	1.50	4.50		03	0	0		0			0	16:40:45	
02	FAI3997436	2	03224	2	8.95	17.90		03	0	0		0			0	16:40:45	
02	FAI3997437	1	02188	1	1.25	1.25		01	0	0		0			0	16:41:11	
02	FAI3997437	2	02384	1	0.95	0.95		02	0	0		0			0	16:41:11	
02	FAI3997437	3	02383	1	0.95	0.95		02	0	0		0			0	16:41:11	
02	FAI3997437	4	02379	1	0.75	0.75		02	0	0		0			0	16:41:11	
02	FAI3997438	1	02094	1	19.50	19.50		01	0	0		0			0	16:42:33	
02	FAI3997439	1	01580	1	12.95	12.95		01	0	0		0			0	16:43:29	
02	FAI3997440	1	02255	1	12.95	12.95		01	0	0		0			0	16:44:22	
02	FAI3997440	2	05617	1	1.00	1.00	900000000000005617	05	0	0		0.07			0	16:44:22	
02	FAI3997441	1	04518	1	1.50	1.50	000000045049	04	0	0		0			0	16:45:50	
02	FAI3997442	1	02422	3	0.75	2.25		02	0	0		0			0	16:46:55	
02	FAI3997442	2	02515	2	0.70	1.40		02	0	0		0			0	16:46:55	
02	FAI3997442	3	04222	2	1.50	3.00		02	0	0		0			0	16:46:55	
02	FAI3997442	4	04766	2	1.25	2.50		04	0	0		0			0	16:46:55	
02	FAI3997442	5	04763	2	1.50	3.00		04	0	0		0			0	16:46:55	
02	FAI3997442	6	03263	1	1.50	1.50		03	0	0		0			0	16:46:55	
02	FAI3997443	1	04222	1	1.50	1.50		02	0	0		0			0	16:48:34	
02	FAI3997443	2	04231	2	1.25	2.50		02	0	0		0			0	16:48:34	
02	FAI3997443	3	02217	1	1.50	1.50		01	0	0		0			0	16:48:34	
02	FAI3997443	4	05483	1	1.00	1.00	7441003500235	05	0	0		0			0	16:48:34	
02	FAI3997444	1	02094	1	19.50	19.50		01	0	0		0			0	16:49:06	
02	FAI3997444	2	05483	4	1.00	4.00	7441003500235	05	0	0		0			0	16:49:06	
02	FAI3997445	1	03224	1	8.95	8.95		03	0	0		0			0	16:50:42	
02	FAI3997446	1	02188	3	1.25	3.75		01	0	0		0			0	16:53:27	
02	FAI3997446	2	01343	1	0.85	0.85		01	0	0		0			0	16:53:27	
02	FAI3997447	1	04152	1	19.95	19.95		01	0	0		0			0	16:54:44	
02	FAI3997447	2	05605	1	1.00	1.00	900000000000005605	05	0	0		0.07			0	16:54:44	
02	FAI3997447	3	05607	1	1.00	1.00	900000000000005607	05	0	0		0.07			0	16:54:44	
02	FAI3997447	4	05600	1	1.00	1.00	900000000000005600	05	0	0		0.07			0	16:54:44	
02	FAI3997448	1	03242	2	1.95	3.90		03	0	0		0			0	16:55:01	
02	FAI3997448	2	02379	1	0.75	0.75		02	0	0		0			0	16:55:01	
02	FAI3997448	3	04222	2	1.50	3.00		02	0	0		0			0	16:55:01	
02	FAI3997449	1	04222	3	1.50	4.50		02	0	0		0			0	16:56:52	
02	FAI3997449	2	03263	1	1.50	1.50		03	0	0		0			0	16:56:52	
02	FAI3997450	1	05654	1	7.50	7.50	7451108500078	05	0	0		0			0	16:58:42	
02	FAI3997450	2	05502	1	1.00	1.00	004313106091	05	0	0		0			0	16:58:42	
02	FAI3997450	3	05504	1	2.20	2.20		05	0	0		0			0	16:58:42	
02	FAI3997450	4	04222	2	1.50	3.00		02	0	0		0			0	16:58:42	
02	FAI3997450	5	02515	2	0.70	1.40		02	0	0		0			0	16:58:42	
02	FAI3997450	6	02379	2	0.75	1.50		02	0	0		0			0	16:58:42	
02	FAI3997450	7	05078	1	2.50	2.50	7451109340130	05	0	0		0			0	16:58:42	
02	FAI3997451	1	04518	1	1.50	1.50	000000045049	04	0	0		0			0	16:59:50	
02	FAI3997451	2	04786	1	1.25	1.25		05	0	0		0			0	16:59:50	
02	FAI3997451	3	02422	2	0.75	1.50		02	0	0		0			0	16:59:50	
02	FAI3997451	4	04222	2	1.50	3.00		02	0	0		0			0	16:59:50	
02	FAI3997452	1	02379	3	0.75	2.25		02	0	0		0			0	17:01:16	
02	FAI3997452	2	01343	1	0.85	0.85		01	0	0		0			0	17:01:16	
02	FAI3997452	3	04222	1	1.50	1.50		02	0	0		0			0	17:01:16	
02	FAI3997452	4	02515	1	0.70	0.70		02	0	0		0			0	17:01:16	
02	FAI3997452	5	03263	1	1.50	1.50		03	0	0		0			0	17:01:16	
02	FAI3997453	1	03263	1	1.50	1.50		03	0	0		0			0	17:01:52	
02	FAI3997453	2	04222	3	1.50	4.50		02	0	0		0			0	17:01:52	
02	FAI3997453	3	02422	3	0.75	2.25		02	0	0		0			0	17:01:52	
02	FAI3997454	1	01580	1	12.95	12.95		01	0	0		0			0	17:03:17	
02	FAI3997454	2	01394	1	2.50	2.50	000000013130	01	0	0		0			0	17:03:17	
02	FAI3997455	1	02422	5	0.30	1.50		02	0	0		0			0	17:03:48	
02	FAI3997456	1	03242	2	1.15	2.30		03	0	0		0			0	17:05:45	
